round,seed,arm,group,kind,cursor,tokens,capped,strict_parsed,strict_correct,extra_parsed,extra_correct,failure_type,initial_strict_correct_probe,semantic_manual_status
P5,48,m,S01,before,1,85,False,True,False,True,False,parsed_control,False,not_assessed_no_semantic_guess
P5,48,m,S01,after,1,85,False,True,False,True,False,parsed_control,False,not_assessed_no_semantic_guess
P5,48,m,S02,before,2,79,False,True,True,True,True,parsed_control,False,not_assessed_no_semantic_guess
P5,48,m,S02,after,2,69,False,True,True,True,True,parsed_control,False,not_assessed_no_semantic_guess
P5,48,m,S03,before,3,1687,False,False,False,False,False,normal_end_missing_final_marker_or_explicit_choice,False,not_assessed_no_semantic_guess
P5,48,m,S03,after,3,2048,True,False,False,False,False,token_cap_without_parseable_final_choice,False,not_assessed_no_semantic_guess
P5,48,m,S04,before,4,101,False,True,False,True,False,parsed_control,False,not_assessed_no_semantic_guess
P5,48,m,S04,after,4,112,False,True,False,True,False,parsed_control,False,not_assessed_no_semantic_guess
P5,48,m,S05,before,5,208,False,True,False,True,False,parsed_control,False,not_assessed_no_semantic_guess
P5,48,m,S05,after,5,107,False,True,False,True,False,parsed_control,False,not_assessed_no_semantic_guess
P5,48,m,S06,before,6,129,False,True,False,True,False,parsed_control,False,not_assessed_no_semantic_guess
P5,48,m,S06,after,6,130,False,True,False,True,False,parsed_control,False,not_assessed_no_semantic_guess
P5,48,m,S07,before,7,218,False,False,False,False,False,explicit_choice_unsupported_syntax,False,not_assessed_no_semantic_guess
P5,48,m,S07,after,7,88,False,True,True,True,True,parsed_control,False,not_assessed_no_semantic_guess
P5,48,m,S08,before,8,154,False,True,True,True,True,parsed_control,False,not_assessed_no_semantic_guess
P5,48,m,S08,after,8,229,False,True,False,True,False,parsed_control,False,not_assessed_no_semantic_guess
P5,48,m,S09,before,9,314,False,True,True,True,True,parsed_control,False,not_assessed_no_semantic_guess
P5,48,m,S09,after,9,309,False,True,True,True,True,parsed_control,False,not_assessed_no_semantic_guess
P5,48,m,S10,before,10,128,False,False,False,False,False,normal_end_missing_final_marker_or_explicit_choice,False,not_assessed_no_semantic_guess
P5,48,m,S10,after,10,153,False,False,False,False,False,normal_end_missing_final_marker_or_explicit_choice,False,not_assessed_no_semantic_guess
P5,48,m,S11,before,11,141,False,True,False,True,False,parsed_control,False,not_assessed_no_semantic_guess
P5,48,m,S11,after,11,141,False,True,False,True,False,parsed_control,False,not_assessed_no_semantic_guess
P5,48,m,S12,before,12,165,False,True,False,True,False,parsed_control,False,not_assessed_no_semantic_guess
P5,48,m,S12,after,12,162,False,True,False,True,False,parsed_control,False,not_assessed_no_semantic_guess
P5,48,m,S13,before,13,303,False,True,False,True,False,parsed_control,False,not_assessed_no_semantic_guess
P5,48,m,S13,after,13,157,False,False,False,False,False,explicit_choice_unsupported_syntax,False,not_assessed_no_semantic_guess
P5,48,m,S14,before,14,109,False,True,False,True,False,parsed_control,False,not_assessed_no_semantic_guess
P5,48,m,S14,after,14,109,False,True,False,True,False,parsed_control,False,not_assessed_no_semantic_guess
P5,48,m,S15,before,15,220,False,True,False,True,False,parsed_control,False,not_assessed_no_semantic_guess
P5,48,m,S15,after,15,234,False,True,False,True,False,parsed_control,False,not_assessed_no_semantic_guess
P5,48,m,S16,before,16,125,False,True,False,True,False,parsed_control,False,not_assessed_no_semantic_guess
P5,48,m,S16,after,16,111,False,True,False,True,False,parsed_control,False,not_assessed_no_semantic_guess
P5,48,m,P01,probe,0,169,False,True,False,True,False,parsed_control,False,not_assessed_no_semantic_guess
P5,48,m,P02,probe,0,81,False,True,False,True,False,parsed_control,False,not_assessed_no_semantic_guess
P5,48,m,P03,probe,0,77,False,True,False,True,False,parsed_control,False,not_assessed_no_semantic_guess
P5,48,m,P04,probe,0,116,False,True,False,True,False,parsed_control,False,not_assessed_no_semantic_guess
P5,48,m,P05,probe,0,150,False,True,False,True,False,parsed_control,False,not_assessed_no_semantic_guess
P5,48,m,P06,probe,0,169,False,True,True,True,True,parsed_control,True,not_assessed_no_semantic_guess
P5,48,m,P07,probe,0,87,False,False,False,False,False,explicit_choice_unsupported_syntax,False,not_assessed_no_semantic_guess
P5,48,m,P08,probe,0,143,False,False,False,False,False,explicit_choice_unsupported_syntax,False,not_assessed_no_semantic_guess
P5,48,m,P09,probe,0,109,False,True,True,True,True,parsed_control,True,not_assessed_no_semantic_guess
P5,48,m,P10,probe,0,108,False,True,False,True,False,parsed_control,False,not_assessed_no_semantic_guess
P5,48,m,P11,probe,0,349,False,True,True,True,True,parsed_control,True,not_assessed_no_semantic_guess
P5,48,m,P12,probe,0,186,False,True,False,True,False,parsed_control,False,not_assessed_no_semantic_guess
P5,48,m,P13,probe,0,276,False,True,False,True,False,parsed_control,False,not_assessed_no_semantic_guess
P5,48,m,P14,probe,0,83,False,True,False,True,False,parsed_control,False,not_assessed_no_semantic_guess
P5,48,m,P15,probe,0,159,False,True,False,True,False,parsed_control,False,not_assessed_no_semantic_guess
P5,48,m,P16,probe,0,255,False,False,False,False,False,normal_end_missing_final_marker_or_explicit_choice,False,not_assessed_no_semantic_guess
P5,48,m,P01,probe,16,404,False,True,True,True,True,parsed_control,False,not_assessed_no_semantic_guess
P5,48,m,P02,probe,16,145,False,False,False,False,False,normal_end_missing_final_marker_or_explicit_choice,False,not_assessed_no_semantic_guess
P5,48,m,P03,probe,16,69,False,True,False,True,False,parsed_control,False,not_assessed_no_semantic_guess
P5,48,m,P04,probe,16,107,False,True,False,True,False,parsed_control,False,not_assessed_no_semantic_guess
P5,48,m,P05,probe,16,84,False,True,False,True,False,parsed_control,False,not_assessed_no_semantic_guess
P5,48,m,P06,probe,16,240,False,True,True,True,True,parsed_control,True,not_assessed_no_semantic_guess
P5,48,m,P07,probe,16,144,False,False,False,True,False,explicit_choice_unsupported_syntax,False,not_assessed_no_semantic_guess
P5,48,m,P08,probe,16,137,False,False,False,False,False,prose_final_payload_without_unambiguous_identifier,False,not_assessed_no_semantic_guess
P5,48,m,P09,probe,16,91,False,True,True,True,True,parsed_control,True,not_assessed_no_semantic_guess
P5,48,m,P10,probe,16,108,False,True,False,True,False,parsed_control,False,not_assessed_no_semantic_guess
P5,48,m,P11,probe,16,320,False,True,True,True,True,parsed_control,True,not_assessed_no_semantic_guess
P5,48,m,P12,probe,16,167,False,False,False,False,False,normal_end_missing_final_marker_or_explicit_choice,False,not_assessed_no_semantic_guess
P5,48,m,P13,probe,16,220,False,True,False,True,False,parsed_control,False,not_assessed_no_semantic_guess
P5,48,m,P14,probe,16,127,False,True,False,True,False,parsed_control,False,not_assessed_no_semantic_guess
P5,48,m,P15,probe,16,104,False,True,False,True,False,parsed_control,False,not_assessed_no_semantic_guess
P5,48,m,P16,probe,16,351,False,True,False,True,False,parsed_control,False,not_assessed_no_semantic_guess
P5,48,v,S01,before,1,85,False,True,False,True,False,parsed_control,False,not_assessed_no_semantic_guess
P5,48,v,S01,after,1,85,False,True,False,True,False,parsed_control,False,not_assessed_no_semantic_guess
P5,48,v,S02,before,2,79,False,True,True,True,True,parsed_control,False,not_assessed_no_semantic_guess
P5,48,v,S02,after,2,79,False,True,True,True,True,parsed_control,False,not_assessed_no_semantic_guess
P5,48,v,S03,before,3,102,False,True,False,True,False,parsed_control,False,not_assessed_no_semantic_guess
P5,48,v,S03,after,3,2048,True,False,False,False,False,token_cap_without_parseable_final_choice,False,not_assessed_no_semantic_guess
P5,48,v,S04,before,4,159,False,False,False,True,False,explicit_choice_unsupported_syntax,False,not_assessed_no_semantic_guess
P5,48,v,S04,after,4,143,False,True,False,True,False,parsed_control,False,not_assessed_no_semantic_guess
P5,48,v,S05,before,5,190,False,True,False,True,False,parsed_control,False,not_assessed_no_semantic_guess
P5,48,v,S05,after,5,107,False,True,False,True,False,parsed_control,False,not_assessed_no_semantic_guess
P5,48,v,S06,before,6,215,False,False,False,False,False,normal_end_missing_final_marker_or_explicit_choice,False,not_assessed_no_semantic_guess
P5,48,v,S06,after,6,215,False,True,False,True,False,parsed_control,False,not_assessed_no_semantic_guess
P5,48,v,S07,before,7,88,False,True,True,True,True,parsed_control,False,not_assessed_no_semantic_guess
P5,48,v,S07,after,7,100,False,True,True,True,True,parsed_control,False,not_assessed_no_semantic_guess
P5,48,v,S08,before,8,166,False,True,True,True,True,parsed_control,False,not_assessed_no_semantic_guess
P5,48,v,S08,after,8,222,False,True,False,True,False,parsed_control,False,not_assessed_no_semantic_guess
P5,48,v,S09,before,9,355,False,True,True,True,True,parsed_control,False,not_assessed_no_semantic_guess
P5,48,v,S09,after,9,164,False,True,False,True,False,parsed_control,False,not_assessed_no_semantic_guess
P5,48,v,S10,before,10,129,False,False,False,False,False,normal_end_missing_final_marker_or_explicit_choice,False,not_assessed_no_semantic_guess
P5,48,v,S10,after,10,129,False,False,False,False,False,normal_end_missing_final_marker_or_explicit_choice,False,not_assessed_no_semantic_guess
P5,48,v,S11,before,11,128,False,True,False,True,False,parsed_control,False,not_assessed_no_semantic_guess
P5,48,v,S11,after,11,135,False,True,False,True,False,parsed_control,False,not_assessed_no_semantic_guess
P5,48,v,S12,before,12,89,False,False,False,False,False,normal_end_missing_final_marker_or_explicit_choice,False,not_assessed_no_semantic_guess
P5,48,v,S12,after,12,80,False,False,False,False,False,normal_end_missing_final_marker_or_explicit_choice,False,not_assessed_no_semantic_guess
P5,48,v,S13,before,13,361,False,True,False,True,False,parsed_control,False,not_assessed_no_semantic_guess
P5,48,v,S13,after,13,375,False,True,False,True,False,parsed_control,False,not_assessed_no_semantic_guess
P5,48,v,S14,before,14,95,False,True,False,True,False,parsed_control,False,not_assessed_no_semantic_guess
P5,48,v,S14,after,14,107,False,True,False,True,False,parsed_control,False,not_assessed_no_semantic_guess
P5,48,v,S15,before,15,346,False,True,False,True,False,parsed_control,False,not_assessed_no_semantic_guess
P5,48,v,S15,after,15,241,False,True,False,True,False,parsed_control,False,not_assessed_no_semantic_guess
P5,48,v,S16,before,16,85,False,True,False,True,False,parsed_control,False,not_assessed_no_semantic_guess
P5,48,v,S16,after,16,83,False,True,False,True,False,parsed_control,False,not_assessed_no_semantic_guess
P5,48,v,P01,probe,0,169,False,True,False,True,False,parsed_control,False,not_assessed_no_semantic_guess
P5,48,v,P02,probe,0,81,False,True,False,True,False,parsed_control,False,not_assessed_no_semantic_guess
P5,48,v,P03,probe,0,77,False,True,False,True,False,parsed_control,False,not_assessed_no_semantic_guess
P5,48,v,P04,probe,0,116,False,True,False,True,False,parsed_control,False,not_assessed_no_semantic_guess
P5,48,v,P05,probe,0,150,False,True,False,True,False,parsed_control,False,not_assessed_no_semantic_guess
P5,48,v,P06,probe,0,169,False,True,True,True,True,parsed_control,True,not_assessed_no_semantic_guess
P5,48,v,P07,probe,0,87,False,False,False,False,False,explicit_choice_unsupported_syntax,False,not_assessed_no_semantic_guess
P5,48,v,P08,probe,0,143,False,False,False,False,False,explicit_choice_unsupported_syntax,False,not_assessed_no_semantic_guess
P5,48,v,P09,probe,0,109,False,True,True,True,True,parsed_control,True,not_assessed_no_semantic_guess
P5,48,v,P10,probe,0,108,False,True,False,True,False,parsed_control,False,not_assessed_no_semantic_guess
P5,48,v,P11,probe,0,349,False,True,True,True,True,parsed_control,True,not_assessed_no_semantic_guess
P5,48,v,P12,probe,0,186,False,True,False,True,False,parsed_control,False,not_assessed_no_semantic_guess
P5,48,v,P13,probe,0,276,False,True,False,True,False,parsed_control,False,not_assessed_no_semantic_guess
P5,48,v,P14,probe,0,83,False,True,False,True,False,parsed_control,False,not_assessed_no_semantic_guess
P5,48,v,P15,probe,0,159,False,True,False,True,False,parsed_control,False,not_assessed_no_semantic_guess
P5,48,v,P16,probe,0,255,False,False,False,False,False,normal_end_missing_final_marker_or_explicit_choice,False,not_assessed_no_semantic_guess
P5,48,v,P01,probe,16,556,False,True,False,True,False,parsed_control,False,not_assessed_no_semantic_guess
P5,48,v,P02,probe,16,160,False,True,True,True,True,parsed_control,False,not_assessed_no_semantic_guess
P5,48,v,P03,probe,16,71,False,True,False,True,False,parsed_control,False,not_assessed_no_semantic_guess
P5,48,v,P04,probe,16,153,False,True,False,True,False,parsed_control,False,not_assessed_no_semantic_guess
P5,48,v,P05,probe,16,155,False,True,False,True,False,parsed_control,False,not_assessed_no_semantic_guess
P5,48,v,P06,probe,16,290,False,True,True,True,True,parsed_control,True,not_assessed_no_semantic_guess
P5,48,v,P07,probe,16,64,False,False,False,False,False,explicit_choice_unsupported_syntax,False,not_assessed_no_semantic_guess
P5,48,v,P08,probe,16,119,False,True,False,True,False,parsed_control,False,not_assessed_no_semantic_guess
P5,48,v,P09,probe,16,139,False,True,True,True,True,parsed_control,True,not_assessed_no_semantic_guess
P5,48,v,P10,probe,16,118,False,True,False,True,False,parsed_control,False,not_assessed_no_semantic_guess
P5,48,v,P11,probe,16,320,False,True,True,True,True,parsed_control,True,not_assessed_no_semantic_guess
P5,48,v,P12,probe,16,224,False,True,False,True,False,parsed_control,False,not_assessed_no_semantic_guess
P5,48,v,P13,probe,16,176,False,True,False,True,False,parsed_control,False,not_assessed_no_semantic_guess
P5,48,v,P14,probe,16,76,False,True,False,True,False,parsed_control,False,not_assessed_no_semantic_guess
P5,48,v,P15,probe,16,104,False,True,False,True,False,parsed_control,False,not_assessed_no_semantic_guess
P5,48,v,P16,probe,16,288,False,True,False,True,False,parsed_control,False,not_assessed_no_semantic_guess
P5,49,m,S01,before,1,85,False,True,False,True,False,parsed_control,False,not_assessed_no_semantic_guess
P5,49,m,S01,after,1,83,False,True,False,True,False,parsed_control,False,not_assessed_no_semantic_guess
P5,49,m,S02,before,2,79,False,True,True,True,True,parsed_control,False,not_assessed_no_semantic_guess
P5,49,m,S02,after,2,104,False,True,False,True,False,parsed_control,False,not_assessed_no_semantic_guess
P5,49,m,S03,before,3,2048,True,False,False,False,False,token_cap_without_parseable_final_choice,False,not_assessed_no_semantic_guess
P5,49,m,S03,after,3,2048,True,False,False,False,False,token_cap_without_parseable_final_choice,False,not_assessed_no_semantic_guess
P5,49,m,S04,before,4,129,False,False,False,True,False,explicit_choice_unsupported_syntax,False,not_assessed_no_semantic_guess
P5,49,m,S04,after,4,112,False,True,False,True,False,parsed_control,False,not_assessed_no_semantic_guess
P5,49,m,S05,before,5,190,False,True,False,True,False,parsed_control,False,not_assessed_no_semantic_guess
P5,49,m,S05,after,5,107,False,True,False,True,False,parsed_control,False,not_assessed_no_semantic_guess
P5,49,m,S06,before,6,224,False,False,False,False,False,normal_end_missing_final_marker_or_explicit_choice,False,not_assessed_no_semantic_guess
P5,49,m,S06,after,6,191,False,False,False,False,False,normal_end_missing_final_marker_or_explicit_choice,False,not_assessed_no_semantic_guess
P5,49,m,S07,before,7,100,False,True,True,True,True,parsed_control,False,not_assessed_no_semantic_guess
P5,49,m,S07,after,7,100,False,True,True,True,True,parsed_control,False,not_assessed_no_semantic_guess
P5,49,m,S08,before,8,211,False,True,False,True,False,parsed_control,False,not_assessed_no_semantic_guess
P5,49,m,S08,after,8,227,False,True,True,True,True,parsed_control,False,not_assessed_no_semantic_guess
P5,49,m,S09,before,9,293,False,True,False,True,False,parsed_control,False,not_assessed_no_semantic_guess
P5,49,m,S09,after,9,271,False,True,True,True,True,parsed_control,False,not_assessed_no_semantic_guess
P5,49,m,S10,before,10,123,False,False,False,False,False,normal_end_missing_final_marker_or_explicit_choice,False,not_assessed_no_semantic_guess
P5,49,m,S10,after,10,125,False,False,False,False,False,normal_end_missing_final_marker_or_explicit_choice,False,not_assessed_no_semantic_guess
P5,49,m,S11,before,11,135,False,True,False,True,False,parsed_control,False,not_assessed_no_semantic_guess
P5,49,m,S11,after,11,131,False,True,False,True,False,parsed_control,False,not_assessed_no_semantic_guess
P5,49,m,S12,before,12,94,False,True,True,True,True,parsed_control,False,not_assessed_no_semantic_guess
P5,49,m,S12,after,12,79,False,False,False,False,False,normal_end_missing_final_marker_or_explicit_choice,False,not_assessed_no_semantic_guess
P5,49,m,S13,before,13,307,False,True,False,True,False,parsed_control,False,not_assessed_no_semantic_guess
P5,49,m,S13,after,13,310,False,True,False,True,False,parsed_control,False,not_assessed_no_semantic_guess
P5,49,m,S14,before,14,109,False,True,False,True,False,parsed_control,False,not_assessed_no_semantic_guess
P5,49,m,S14,after,14,95,False,True,False,True,False,parsed_control,False,not_assessed_no_semantic_guess
P5,49,m,S15,before,15,357,False,True,False,True,False,parsed_control,False,not_assessed_no_semantic_guess
P5,49,m,S15,after,15,281,False,True,False,True,False,parsed_control,False,not_assessed_no_semantic_guess
P5,49,m,S16,before,16,98,False,True,False,True,False,parsed_control,False,not_assessed_no_semantic_guess
P5,49,m,S16,after,16,88,False,True,False,True,False,parsed_control,False,not_assessed_no_semantic_guess
P5,49,m,P01,probe,0,169,False,True,False,True,False,parsed_control,False,not_assessed_no_semantic_guess
P5,49,m,P02,probe,0,81,False,True,False,True,False,parsed_control,False,not_assessed_no_semantic_guess
P5,49,m,P03,probe,0,77,False,True,False,True,False,parsed_control,False,not_assessed_no_semantic_guess
P5,49,m,P04,probe,0,116,False,True,False,True,False,parsed_control,False,not_assessed_no_semantic_guess
P5,49,m,P05,probe,0,150,False,True,False,True,False,parsed_control,False,not_assessed_no_semantic_guess
P5,49,m,P06,probe,0,169,False,True,True,True,True,parsed_control,True,not_assessed_no_semantic_guess
P5,49,m,P07,probe,0,87,False,False,False,False,False,explicit_choice_unsupported_syntax,False,not_assessed_no_semantic_guess
P5,49,m,P08,probe,0,143,False,False,False,False,False,explicit_choice_unsupported_syntax,False,not_assessed_no_semantic_guess
P5,49,m,P09,probe,0,109,False,True,True,True,True,parsed_control,True,not_assessed_no_semantic_guess
P5,49,m,P10,probe,0,108,False,True,False,True,False,parsed_control,False,not_assessed_no_semantic_guess
P5,49,m,P11,probe,0,349,False,True,True,True,True,parsed_control,True,not_assessed_no_semantic_guess
P5,49,m,P12,probe,0,186,False,True,False,True,False,parsed_control,False,not_assessed_no_semantic_guess
P5,49,m,P13,probe,0,276,False,True,False,True,False,parsed_control,False,not_assessed_no_semantic_guess
P5,49,m,P14,probe,0,83,False,True,False,True,False,parsed_control,False,not_assessed_no_semantic_guess
P5,49,m,P15,probe,0,159,False,True,False,True,False,parsed_control,False,not_assessed_no_semantic_guess
P5,49,m,P16,probe,0,255,False,False,False,False,False,normal_end_missing_final_marker_or_explicit_choice,False,not_assessed_no_semantic_guess
P5,49,m,P01,probe,16,569,False,True,False,True,False,parsed_control,False,not_assessed_no_semantic_guess
P5,49,m,P02,probe,16,196,False,False,False,False,False,normal_end_missing_final_marker_or_explicit_choice,False,not_assessed_no_semantic_guess
P5,49,m,P03,probe,16,79,False,True,False,True,False,parsed_control,False,not_assessed_no_semantic_guess
P5,49,m,P04,probe,16,165,False,True,False,True,False,parsed_control,False,not_assessed_no_semantic_guess
P5,49,m,P05,probe,16,155,False,True,False,True,False,parsed_control,False,not_assessed_no_semantic_guess
P5,49,m,P06,probe,16,204,False,True,True,True,True,parsed_control,True,not_assessed_no_semantic_guess
P5,49,m,P07,probe,16,77,False,True,False,True,False,parsed_control,False,not_assessed_no_semantic_guess
P5,49,m,P08,probe,16,297,False,True,False,True,False,parsed_control,False,not_assessed_no_semantic_guess
P5,49,m,P09,probe,16,88,False,True,True,True,True,parsed_control,True,not_assessed_no_semantic_guess
P5,49,m,P10,probe,16,104,False,True,False,True,False,parsed_control,False,not_assessed_no_semantic_guess
P5,49,m,P11,probe,16,320,False,True,True,True,True,parsed_control,True,not_assessed_no_semantic_guess
P5,49,m,P12,probe,16,224,False,True,False,True,False,parsed_control,False,not_assessed_no_semantic_guess
P5,49,m,P13,probe,16,137,False,True,False,True,False,parsed_control,False,not_assessed_no_semantic_guess
P5,49,m,P14,probe,16,83,False,True,False,True,False,parsed_control,False,not_assessed_no_semantic_guess
P5,49,m,P15,probe,16,129,False,True,False,True,False,parsed_control,False,not_assessed_no_semantic_guess
P5,49,m,P16,probe,16,276,False,True,False,True,False,parsed_control,False,not_assessed_no_semantic_guess
P5,49,v,S01,before,1,85,False,True,False,True,False,parsed_control,False,not_assessed_no_semantic_guess
P5,49,v,S01,after,1,83,False,True,False,True,False,parsed_control,False,not_assessed_no_semantic_guess
P5,49,v,S02,before,2,89,False,True,False,True,False,parsed_control,False,not_assessed_no_semantic_guess
P5,49,v,S02,after,2,77,False,True,True,True,True,parsed_control,False,not_assessed_no_semantic_guess
P5,49,v,S03,before,3,134,False,True,False,True,False,parsed_control,False,not_assessed_no_semantic_guess
P5,49,v,S03,after,3,2048,True,False,False,False,False,token_cap_without_parseable_final_choice,False,not_assessed_no_semantic_guess
P5,49,v,S04,before,4,149,False,True,False,True,False,parsed_control,False,not_assessed_no_semantic_guess
P5,49,v,S04,after,4,147,False,True,False,True,False,parsed_control,False,not_assessed_no_semantic_guess
P5,49,v,S05,before,5,190,False,True,False,True,False,parsed_control,False,not_assessed_no_semantic_guess
P5,49,v,S05,after,5,107,False,True,False,True,False,parsed_control,False,not_assessed_no_semantic_guess
P5,49,v,S06,before,6,231,False,True,False,True,False,parsed_control,False,not_assessed_no_semantic_guess
P5,49,v,S06,after,6,215,False,True,False,True,False,parsed_control,False,not_assessed_no_semantic_guess
P5,49,v,S07,before,7,88,False,True,True,True,True,parsed_control,False,not_assessed_no_semantic_guess
P5,49,v,S07,after,7,88,False,True,True,True,True,parsed_control,False,not_assessed_no_semantic_guess
P5,49,v,S08,before,8,162,False,True,True,True,True,parsed_control,False,not_assessed_no_semantic_guess
P5,49,v,S08,after,8,154,False,True,True,True,True,parsed_control,False,not_assessed_no_semantic_guess
P5,49,v,S09,before,9,341,False,True,True,True,True,parsed_control,False,not_assessed_no_semantic_guess
P5,49,v,S09,after,9,309,False,True,True,True,True,parsed_control,False,not_assessed_no_semantic_guess
P5,49,v,S10,before,10,161,False,False,False,False,False,normal_end_missing_final_marker_or_explicit_choice,False,not_assessed_no_semantic_guess
P5,49,v,S10,after,10,161,False,False,False,False,False,normal_end_missing_final_marker_or_explicit_choice,False,not_assessed_no_semantic_guess
P5,49,v,S11,before,11,141,False,True,False,True,False,parsed_control,False,not_assessed_no_semantic_guess
P5,49,v,S11,after,11,141,False,True,False,True,False,parsed_control,False,not_assessed_no_semantic_guess
P5,49,v,S12,before,12,81,False,False,False,False,False,normal_end_missing_final_marker_or_explicit_choice,False,not_assessed_no_semantic_guess
P5,49,v,S12,after,12,86,False,False,False,False,False,normal_end_missing_final_marker_or_explicit_choice,False,not_assessed_no_semantic_guess
P5,49,v,S13,before,13,127,False,True,False,True,False,parsed_control,False,not_assessed_no_semantic_guess
P5,49,v,S13,after,13,309,False,True,False,True,False,parsed_control,False,not_assessed_no_semantic_guess
P5,49,v,S14,before,14,94,False,False,False,False,False,normal_end_missing_final_marker_or_explicit_choice,False,not_assessed_no_semantic_guess
P5,49,v,S14,after,14,98,False,False,False,False,False,normal_end_missing_final_marker_or_explicit_choice,False,not_assessed_no_semantic_guess
P5,49,v,S15,before,15,91,False,True,False,True,False,parsed_control,False,not_assessed_no_semantic_guess
P5,49,v,S15,after,15,102,False,True,False,True,False,parsed_control,False,not_assessed_no_semantic_guess
P5,49,v,S16,before,16,98,False,True,False,True,False,parsed_control,False,not_assessed_no_semantic_guess
P5,49,v,S16,after,16,111,False,True,False,True,False,parsed_control,False,not_assessed_no_semantic_guess
P5,49,v,P01,probe,0,169,False,True,False,True,False,parsed_control,False,not_assessed_no_semantic_guess
P5,49,v,P02,probe,0,81,False,True,False,True,False,parsed_control,False,not_assessed_no_semantic_guess
P5,49,v,P03,probe,0,77,False,True,False,True,False,parsed_control,False,not_assessed_no_semantic_guess
P5,49,v,P04,probe,0,116,False,True,False,True,False,parsed_control,False,not_assessed_no_semantic_guess
P5,49,v,P05,probe,0,150,False,True,False,True,False,parsed_control,False,not_assessed_no_semantic_guess
P5,49,v,P06,probe,0,169,False,True,True,True,True,parsed_control,True,not_assessed_no_semantic_guess
P5,49,v,P07,probe,0,87,False,False,False,False,False,explicit_choice_unsupported_syntax,False,not_assessed_no_semantic_guess
P5,49,v,P08,probe,0,143,False,False,False,False,False,explicit_choice_unsupported_syntax,False,not_assessed_no_semantic_guess
P5,49,v,P09,probe,0,109,False,True,True,True,True,parsed_control,True,not_assessed_no_semantic_guess
P5,49,v,P10,probe,0,108,False,True,False,True,False,parsed_control,False,not_assessed_no_semantic_guess
P5,49,v,P11,probe,0,349,False,True,True,True,True,parsed_control,True,not_assessed_no_semantic_guess
P5,49,v,P12,probe,0,186,False,True,False,True,False,parsed_control,False,not_assessed_no_semantic_guess
P5,49,v,P13,probe,0,276,False,True,False,True,False,parsed_control,False,not_assessed_no_semantic_guess
P5,49,v,P14,probe,0,83,False,True,False,True,False,parsed_control,False,not_assessed_no_semantic_guess
P5,49,v,P15,probe,0,159,False,True,False,True,False,parsed_control,False,not_assessed_no_semantic_guess
P5,49,v,P16,probe,0,255,False,False,False,False,False,normal_end_missing_final_marker_or_explicit_choice,False,not_assessed_no_semantic_guess
P5,49,v,P01,probe,16,385,False,True,False,True,False,parsed_control,False,not_assessed_no_semantic_guess
P5,49,v,P02,probe,16,86,False,False,False,False,False,normal_end_missing_final_marker_or_explicit_choice,False,not_assessed_no_semantic_guess
P5,49,v,P03,probe,16,72,False,True,False,True,False,parsed_control,False,not_assessed_no_semantic_guess
P5,49,v,P04,probe,16,133,False,True,False,True,False,parsed_control,False,not_assessed_no_semantic_guess
P5,49,v,P05,probe,16,95,False,True,False,True,False,parsed_control,False,not_assessed_no_semantic_guess
P5,49,v,P06,probe,16,134,False,False,False,False,False,normal_end_missing_final_marker_or_explicit_choice,True,not_assessed_no_semantic_guess
P5,49,v,P07,probe,16,87,False,False,False,False,False,explicit_choice_unsupported_syntax,False,not_assessed_no_semantic_guess
P5,49,v,P08,probe,16,155,False,False,False,False,False,explicit_choice_unsupported_syntax,False,not_assessed_no_semantic_guess
P5,49,v,P09,probe,16,2048,True,False,False,False,False,token_cap_without_parseable_final_choice,True,not_assessed_no_semantic_guess
P5,49,v,P10,probe,16,91,False,True,False,True,False,parsed_control,False,not_assessed_no_semantic_guess
P5,49,v,P11,probe,16,298,False,True,True,True,True,parsed_control,True,not_assessed_no_semantic_guess
P5,49,v,P12,probe,16,162,False,True,False,True,False,parsed_control,False,not_assessed_no_semantic_guess
P5,49,v,P13,probe,16,2048,True,False,False,False,False,token_cap_without_parseable_final_choice,False,not_assessed_no_semantic_guess
P5,49,v,P14,probe,16,75,False,True,False,True,False,parsed_control,False,not_assessed_no_semantic_guess
P5,49,v,P15,probe,16,104,False,True,False,True,False,parsed_control,False,not_assessed_no_semantic_guess
P5,49,v,P16,probe,16,204,False,False,False,False,False,normal_end_missing_final_marker_or_explicit_choice,False,not_assessed_no_semantic_guess
P5,50,m,S01,before,1,85,False,True,False,True,False,parsed_control,False,not_assessed_no_semantic_guess
P5,50,m,S01,after,1,85,False,True,False,True,False,parsed_control,False,not_assessed_no_semantic_guess
P5,50,m,S02,before,2,79,False,True,True,True,True,parsed_control,False,not_assessed_no_semantic_guess
P5,50,m,S02,after,2,79,False,True,True,True,True,parsed_control,False,not_assessed_no_semantic_guess
P5,50,m,S03,before,3,1687,False,False,False,False,False,normal_end_missing_final_marker_or_explicit_choice,False,not_assessed_no_semantic_guess
P5,50,m,S03,after,3,104,False,True,False,True,False,parsed_control,False,not_assessed_no_semantic_guess
P5,50,m,S04,before,4,116,False,True,False,True,False,parsed_control,False,not_assessed_no_semantic_guess
P5,50,m,S04,after,4,85,False,True,False,True,False,parsed_control,False,not_assessed_no_semantic_guess
P5,50,m,S05,before,5,190,False,True,False,True,False,parsed_control,False,not_assessed_no_semantic_guess
P5,50,m,S05,after,5,190,False,True,False,True,False,parsed_control,False,not_assessed_no_semantic_guess
P5,50,m,S06,before,6,140,False,True,False,True,False,parsed_control,False,not_assessed_no_semantic_guess
P5,50,m,S06,after,6,215,False,True,False,True,False,parsed_control,False,not_assessed_no_semantic_guess
P5,50,m,S07,before,7,88,False,True,True,True,True,parsed_control,False,not_assessed_no_semantic_guess
P5,50,m,S07,after,7,218,False,False,False,False,False,explicit_choice_unsupported_syntax,False,not_assessed_no_semantic_guess
P5,50,m,S08,before,8,167,False,True,True,True,True,parsed_control,False,not_assessed_no_semantic_guess
P5,50,m,S08,after,8,154,False,True,True,True,True,parsed_control,False,not_assessed_no_semantic_guess
P5,50,m,S09,before,9,395,False,True,True,True,True,parsed_control,False,not_assessed_no_semantic_guess
P5,50,m,S09,after,9,309,False,True,True,True,True,parsed_control,False,not_assessed_no_semantic_guess
P5,50,m,S10,before,10,324,False,True,False,True,False,parsed_control,False,not_assessed_no_semantic_guess
P5,50,m,S10,after,10,145,False,False,False,False,False,normal_end_missing_final_marker_or_explicit_choice,False,not_assessed_no_semantic_guess
P5,50,m,S11,before,11,141,False,True,False,True,False,parsed_control,False,not_assessed_no_semantic_guess
P5,50,m,S11,after,11,141,False,True,False,True,False,parsed_control,False,not_assessed_no_semantic_guess
P5,50,m,S12,before,12,86,False,False,False,False,False,normal_end_missing_final_marker_or_explicit_choice,False,not_assessed_no_semantic_guess
P5,50,m,S12,after,12,82,False,False,False,False,False,normal_end_missing_final_marker_or_explicit_choice,False,not_assessed_no_semantic_guess
P5,50,m,S13,before,13,433,False,True,True,True,True,parsed_control,False,not_assessed_no_semantic_guess
P5,50,m,S13,after,13,127,False,True,False,True,False,parsed_control,False,not_assessed_no_semantic_guess
P5,50,m,S14,before,14,109,False,True,False,True,False,parsed_control,False,not_assessed_no_semantic_guess
P5,50,m,S14,after,14,109,False,True,False,True,False,parsed_control,False,not_assessed_no_semantic_guess
P5,50,m,S15,before,15,220,False,True,False,True,False,parsed_control,False,not_assessed_no_semantic_guess
P5,50,m,S15,after,15,241,False,True,False,True,False,parsed_control,False,not_assessed_no_semantic_guess
P5,50,m,S16,before,16,97,False,True,False,True,False,parsed_control,False,not_assessed_no_semantic_guess
P5,50,m,S16,after,16,98,False,True,False,True,False,parsed_control,False,not_assessed_no_semantic_guess
P5,50,m,P01,probe,0,169,False,True,False,True,False,parsed_control,False,not_assessed_no_semantic_guess
P5,50,m,P02,probe,0,81,False,True,False,True,False,parsed_control,False,not_assessed_no_semantic_guess
P5,50,m,P03,probe,0,77,False,True,False,True,False,parsed_control,False,not_assessed_no_semantic_guess
P5,50,m,P04,probe,0,116,False,True,False,True,False,parsed_control,False,not_assessed_no_semantic_guess
P5,50,m,P05,probe,0,150,False,True,False,True,False,parsed_control,False,not_assessed_no_semantic_guess
P5,50,m,P06,probe,0,169,False,True,True,True,True,parsed_control,True,not_assessed_no_semantic_guess
P5,50,m,P07,probe,0,87,False,False,False,False,False,explicit_choice_unsupported_syntax,False,not_assessed_no_semantic_guess
P5,50,m,P08,probe,0,143,False,False,False,False,False,explicit_choice_unsupported_syntax,False,not_assessed_no_semantic_guess
P5,50,m,P09,probe,0,109,False,True,True,True,True,parsed_control,True,not_assessed_no_semantic_guess
P5,50,m,P10,probe,0,108,False,True,False,True,False,parsed_control,False,not_assessed_no_semantic_guess
P5,50,m,P11,probe,0,349,False,True,True,True,True,parsed_control,True,not_assessed_no_semantic_guess
P5,50,m,P12,probe,0,186,False,True,False,True,False,parsed_control,False,not_assessed_no_semantic_guess
P5,50,m,P13,probe,0,276,False,True,False,True,False,parsed_control,False,not_assessed_no_semantic_guess
P5,50,m,P14,probe,0,83,False,True,False,True,False,parsed_control,False,not_assessed_no_semantic_guess
P5,50,m,P15,probe,0,159,False,True,False,True,False,parsed_control,False,not_assessed_no_semantic_guess
P5,50,m,P16,probe,0,255,False,False,False,False,False,normal_end_missing_final_marker_or_explicit_choice,False,not_assessed_no_semantic_guess
P5,50,m,P01,probe,16,404,False,True,True,True,True,parsed_control,False,not_assessed_no_semantic_guess
P5,50,m,P02,probe,16,126,False,False,False,False,False,normal_end_missing_final_marker_or_explicit_choice,False,not_assessed_no_semantic_guess
P5,50,m,P03,probe,16,76,False,True,False,True,False,parsed_control,False,not_assessed_no_semantic_guess
P5,50,m,P04,probe,16,164,False,True,False,True,False,parsed_control,False,not_assessed_no_semantic_guess
P5,50,m,P05,probe,16,136,False,True,False,True,False,parsed_control,False,not_assessed_no_semantic_guess
P5,50,m,P06,probe,16,276,False,True,True,True,True,parsed_control,True,not_assessed_no_semantic_guess
P5,50,m,P07,probe,16,143,False,False,False,False,False,explicit_choice_unsupported_syntax,False,not_assessed_no_semantic_guess
P5,50,m,P08,probe,16,143,False,False,False,False,False,explicit_choice_unsupported_syntax,False,not_assessed_no_semantic_guess
P5,50,m,P09,probe,16,219,False,True,False,True,False,parsed_control,True,not_assessed_no_semantic_guess
P5,50,m,P10,probe,16,108,False,True,False,True,False,parsed_control,False,not_assessed_no_semantic_guess
P5,50,m,P11,probe,16,320,False,True,True,True,True,parsed_control,True,not_assessed_no_semantic_guess
P5,50,m,P12,probe,16,142,False,True,False,True,False,parsed_control,False,not_assessed_no_semantic_guess
P5,50,m,P13,probe,16,220,False,True,False,True,False,parsed_control,False,not_assessed_no_semantic_guess
P5,50,m,P14,probe,16,279,False,True,False,True,False,parsed_control,False,not_assessed_no_semantic_guess
P5,50,m,P15,probe,16,93,False,True,False,True,False,parsed_control,False,not_assessed_no_semantic_guess
P5,50,m,P16,probe,16,2048,True,False,False,False,False,token_cap_without_parseable_final_choice,False,not_assessed_no_semantic_guess
P5,50,v,S01,before,1,85,False,True,False,True,False,parsed_control,False,not_assessed_no_semantic_guess
P5,50,v,S01,after,1,85,False,True,False,True,False,parsed_control,False,not_assessed_no_semantic_guess
P5,50,v,S02,before,2,64,False,True,True,True,True,parsed_control,False,not_assessed_no_semantic_guess
P5,50,v,S02,after,2,69,False,True,True,True,True,parsed_control,False,not_assessed_no_semantic_guess
P5,50,v,S03,before,3,2048,True,False,False,False,False,token_cap_without_parseable_final_choice,False,not_assessed_no_semantic_guess
P5,50,v,S03,after,3,2048,True,False,False,False,False,token_cap_without_parseable_final_choice,False,not_assessed_no_semantic_guess
P5,50,v,S04,before,4,105,False,True,False,True,False,parsed_control,False,not_assessed_no_semantic_guess
P5,50,v,S04,after,4,128,False,False,False,True,False,explicit_choice_unsupported_syntax,False,not_assessed_no_semantic_guess
P5,50,v,S05,before,5,85,False,False,False,False,False,normal_end_missing_final_marker_or_explicit_choice,False,not_assessed_no_semantic_guess
P5,50,v,S05,after,5,198,False,True,False,True,False,parsed_control,False,not_assessed_no_semantic_guess
P5,50,v,S06,before,6,130,False,True,False,True,False,parsed_control,False,not_assessed_no_semantic_guess
P5,50,v,S06,after,6,130,False,True,False,True,False,parsed_control,False,not_assessed_no_semantic_guess
P5,50,v,S07,before,7,80,False,False,False,False,False,explicit_choice_unsupported_syntax,False,not_assessed_no_semantic_guess
P5,50,v,S07,after,7,80,False,False,False,False,False,explicit_choice_unsupported_syntax,False,not_assessed_no_semantic_guess
P5,50,v,S08,before,8,164,False,True,True,True,True,parsed_control,False,not_assessed_no_semantic_guess
P5,50,v,S08,after,8,222,False,True,False,True,False,parsed_control,False,not_assessed_no_semantic_guess
P5,50,v,S09,before,9,308,False,True,True,True,True,parsed_control,False,not_assessed_no_semantic_guess
P5,50,v,S09,after,9,317,False,True,True,True,True,parsed_control,False,not_assessed_no_semantic_guess
P5,50,v,S10,before,10,123,False,False,False,False,False,normal_end_missing_final_marker_or_explicit_choice,False,not_assessed_no_semantic_guess
P5,50,v,S10,after,10,129,False,False,False,False,False,normal_end_missing_final_marker_or_explicit_choice,False,not_assessed_no_semantic_guess
P5,50,v,S11,before,11,141,False,True,False,True,False,parsed_control,False,not_assessed_no_semantic_guess
P5,50,v,S11,after,11,141,False,True,False,True,False,parsed_control,False,not_assessed_no_semantic_guess
P5,50,v,S12,before,12,81,False,False,False,False,False,normal_end_missing_final_marker_or_explicit_choice,False,not_assessed_no_semantic_guess
P5,50,v,S12,after,12,72,False,False,False,False,False,normal_end_missing_final_marker_or_explicit_choice,False,not_assessed_no_semantic_guess
P5,50,v,S13,before,13,404,False,True,False,True,False,parsed_control,False,not_assessed_no_semantic_guess
P5,50,v,S13,after,13,381,False,True,False,True,False,parsed_control,False,not_assessed_no_semantic_guess
P5,50,v,S14,before,14,98,False,False,False,False,False,normal_end_missing_final_marker_or_explicit_choice,False,not_assessed_no_semantic_guess
P5,50,v,S14,after,14,95,False,True,False,True,False,parsed_control,False,not_assessed_no_semantic_guess
P5,50,v,S15,before,15,97,False,True,False,True,False,parsed_control,False,not_assessed_no_semantic_guess
P5,50,v,S15,after,15,280,False,True,False,True,False,parsed_control,False,not_assessed_no_semantic_guess
P5,50,v,S16,before,16,98,False,True,False,True,False,parsed_control,False,not_assessed_no_semantic_guess
P5,50,v,S16,after,16,98,False,True,False,True,False,parsed_control,False,not_assessed_no_semantic_guess
P5,50,v,P01,probe,0,169,False,True,False,True,False,parsed_control,False,not_assessed_no_semantic_guess
P5,50,v,P02,probe,0,81,False,True,False,True,False,parsed_control,False,not_assessed_no_semantic_guess
P5,50,v,P03,probe,0,77,False,True,False,True,False,parsed_control,False,not_assessed_no_semantic_guess
P5,50,v,P04,probe,0,116,False,True,False,True,False,parsed_control,False,not_assessed_no_semantic_guess
P5,50,v,P05,probe,0,150,False,True,False,True,False,parsed_control,False,not_assessed_no_semantic_guess
P5,50,v,P06,probe,0,169,False,True,True,True,True,parsed_control,True,not_assessed_no_semantic_guess
P5,50,v,P07,probe,0,87,False,False,False,False,False,explicit_choice_unsupported_syntax,False,not_assessed_no_semantic_guess
P5,50,v,P08,probe,0,143,False,False,False,False,False,explicit_choice_unsupported_syntax,False,not_assessed_no_semantic_guess
P5,50,v,P09,probe,0,109,False,True,True,True,True,parsed_control,True,not_assessed_no_semantic_guess
P5,50,v,P10,probe,0,108,False,True,False,True,False,parsed_control,False,not_assessed_no_semantic_guess
P5,50,v,P11,probe,0,349,False,True,True,True,True,parsed_control,True,not_assessed_no_semantic_guess
P5,50,v,P12,probe,0,186,False,True,False,True,False,parsed_control,False,not_assessed_no_semantic_guess
P5,50,v,P13,probe,0,276,False,True,False,True,False,parsed_control,False,not_assessed_no_semantic_guess
P5,50,v,P14,probe,0,83,False,True,False,True,False,parsed_control,False,not_assessed_no_semantic_guess
P5,50,v,P15,probe,0,159,False,True,False,True,False,parsed_control,False,not_assessed_no_semantic_guess
P5,50,v,P16,probe,0,255,False,False,False,False,False,normal_end_missing_final_marker_or_explicit_choice,False,not_assessed_no_semantic_guess
P5,50,v,P01,probe,16,375,False,True,False,True,False,parsed_control,False,not_assessed_no_semantic_guess
P5,50,v,P02,probe,16,58,False,True,False,True,False,parsed_control,False,not_assessed_no_semantic_guess
P5,50,v,P03,probe,16,71,False,True,False,True,False,parsed_control,False,not_assessed_no_semantic_guess
P5,50,v,P04,probe,16,165,False,True,False,True,False,parsed_control,False,not_assessed_no_semantic_guess
P5,50,v,P05,probe,16,95,False,True,False,True,False,parsed_control,False,not_assessed_no_semantic_guess
P5,50,v,P06,probe,16,330,False,True,True,True,True,parsed_control,True,not_assessed_no_semantic_guess
P5,50,v,P07,probe,16,214,False,True,False,True,False,parsed_control,False,not_assessed_no_semantic_guess
P5,50,v,P08,probe,16,152,False,True,False,True,False,parsed_control,False,not_assessed_no_semantic_guess
P5,50,v,P09,probe,16,88,False,True,True,True,True,parsed_control,True,not_assessed_no_semantic_guess
P5,50,v,P10,probe,16,93,False,True,False,True,False,parsed_control,False,not_assessed_no_semantic_guess
P5,50,v,P11,probe,16,320,False,True,True,True,True,parsed_control,True,not_assessed_no_semantic_guess
P5,50,v,P12,probe,16,222,False,True,False,True,False,parsed_control,False,not_assessed_no_semantic_guess
P5,50,v,P13,probe,16,176,False,True,False,True,False,parsed_control,False,not_assessed_no_semantic_guess
P5,50,v,P14,probe,16,72,False,True,False,True,False,parsed_control,False,not_assessed_no_semantic_guess
P5,50,v,P15,probe,16,102,False,True,False,True,False,parsed_control,False,not_assessed_no_semantic_guess
P5,50,v,P16,probe,16,158,False,True,False,True,False,parsed_control,False,not_assessed_no_semantic_guess
P6,51,m,S01,before,1,85,False,True,False,True,False,parsed_control,False,not_assessed_no_semantic_guess
P6,51,m,S01,after,1,121,False,True,False,True,False,parsed_control,False,not_assessed_no_semantic_guess
P6,51,m,S02,before,2,64,False,True,True,True,True,parsed_control,False,not_assessed_no_semantic_guess
P6,51,m,S02,after,2,69,False,True,True,True,True,parsed_control,False,not_assessed_no_semantic_guess
P6,51,m,S03,before,3,2048,True,False,False,False,False,token_cap_without_parseable_final_choice,False,not_assessed_no_semantic_guess
P6,51,m,S03,after,3,1815,False,False,False,False,False,normal_end_missing_final_marker_or_explicit_choice,False,not_assessed_no_semantic_guess
P6,51,m,S04,before,4,100,False,True,False,True,False,parsed_control,False,not_assessed_no_semantic_guess
P6,51,m,S04,after,4,101,False,True,False,True,False,parsed_control,False,not_assessed_no_semantic_guess
P6,51,m,S05,before,5,198,False,True,False,True,False,parsed_control,False,not_assessed_no_semantic_guess
P6,51,m,S05,after,5,207,False,True,False,True,False,parsed_control,False,not_assessed_no_semantic_guess
P6,51,m,S06,before,6,141,False,True,False,True,False,parsed_control,False,not_assessed_no_semantic_guess
P6,51,m,S06,after,6,130,False,True,False,True,False,parsed_control,False,not_assessed_no_semantic_guess
P6,51,m,S07,before,7,88,False,True,True,True,True,parsed_control,False,not_assessed_no_semantic_guess
P6,51,m,S07,after,7,88,False,True,True,True,True,parsed_control,False,not_assessed_no_semantic_guess
P6,51,m,S08,before,8,166,False,True,True,True,True,parsed_control,False,not_assessed_no_semantic_guess
P6,51,m,S08,after,8,166,False,True,True,True,True,parsed_control,False,not_assessed_no_semantic_guess
P6,51,m,S09,before,9,314,False,True,True,True,True,parsed_control,False,not_assessed_no_semantic_guess
P6,51,m,S09,after,9,321,False,True,True,True,True,parsed_control,False,not_assessed_no_semantic_guess
P6,51,m,S10,before,10,123,False,False,False,False,False,normal_end_missing_final_marker_or_explicit_choice,False,not_assessed_no_semantic_guess
P6,51,m,S10,after,10,118,False,False,False,False,False,normal_end_missing_final_marker_or_explicit_choice,False,not_assessed_no_semantic_guess
P6,51,m,S11,before,11,136,False,True,False,True,False,parsed_control,False,not_assessed_no_semantic_guess
P6,51,m,S11,after,11,128,False,True,False,True,False,parsed_control,False,not_assessed_no_semantic_guess
P6,51,m,S12,before,12,86,False,False,False,False,False,normal_end_missing_final_marker_or_explicit_choice,False,not_assessed_no_semantic_guess
P6,51,m,S12,after,12,107,False,True,True,True,True,parsed_control,False,not_assessed_no_semantic_guess
P6,51,m,S13,before,13,133,False,True,True,True,True,parsed_control,False,not_assessed_no_semantic_guess
P6,51,m,S13,after,13,397,False,True,False,True,False,parsed_control,False,not_assessed_no_semantic_guess
P6,51,m,S14,before,14,93,False,False,False,False,False,normal_end_missing_final_marker_or_explicit_choice,False,not_assessed_no_semantic_guess
P6,51,m,S14,after,14,93,False,False,False,False,False,normal_end_missing_final_marker_or_explicit_choice,False,not_assessed_no_semantic_guess
P6,51,m,S15,before,15,102,False,True,False,True,False,parsed_control,False,not_assessed_no_semantic_guess
P6,51,m,S15,after,15,102,False,True,False,True,False,parsed_control,False,not_assessed_no_semantic_guess
P6,51,m,S16,before,16,83,False,True,False,True,False,parsed_control,False,not_assessed_no_semantic_guess
P6,51,m,S16,after,16,95,False,True,False,True,False,parsed_control,False,not_assessed_no_semantic_guess
P6,51,m,P01,probe,0,169,False,True,False,True,False,parsed_control,False,not_assessed_no_semantic_guess
P6,51,m,P02,probe,0,81,False,True,False,True,False,parsed_control,False,not_assessed_no_semantic_guess
P6,51,m,P03,probe,0,77,False,True,False,True,False,parsed_control,False,not_assessed_no_semantic_guess
P6,51,m,P04,probe,0,116,False,True,False,True,False,parsed_control,False,not_assessed_no_semantic_guess
P6,51,m,P05,probe,0,150,False,True,False,True,False,parsed_control,False,not_assessed_no_semantic_guess
P6,51,m,P06,probe,0,169,False,True,True,True,True,parsed_control,True,not_assessed_no_semantic_guess
P6,51,m,P07,probe,0,87,False,False,False,False,False,explicit_choice_unsupported_syntax,False,not_assessed_no_semantic_guess
P6,51,m,P08,probe,0,143,False,False,False,False,False,explicit_choice_unsupported_syntax,False,not_assessed_no_semantic_guess
P6,51,m,P09,probe,0,109,False,True,True,True,True,parsed_control,True,not_assessed_no_semantic_guess
P6,51,m,P10,probe,0,108,False,True,False,True,False,parsed_control,False,not_assessed_no_semantic_guess
P6,51,m,P11,probe,0,349,False,True,True,True,True,parsed_control,True,not_assessed_no_semantic_guess
P6,51,m,P12,probe,0,186,False,True,False,True,False,parsed_control,False,not_assessed_no_semantic_guess
P6,51,m,P13,probe,0,276,False,True,False,True,False,parsed_control,False,not_assessed_no_semantic_guess
P6,51,m,P14,probe,0,83,False,True,False,True,False,parsed_control,False,not_assessed_no_semantic_guess
P6,51,m,P15,probe,0,159,False,True,False,True,False,parsed_control,False,not_assessed_no_semantic_guess
P6,51,m,P16,probe,0,255,False,False,False,False,False,normal_end_missing_final_marker_or_explicit_choice,False,not_assessed_no_semantic_guess
P6,51,m,P01,probe,16,143,False,True,False,True,False,parsed_control,False,not_assessed_no_semantic_guess
P6,51,m,P02,probe,16,62,False,True,False,True,False,parsed_control,False,not_assessed_no_semantic_guess
P6,51,m,P03,probe,16,69,False,True,False,True,False,parsed_control,False,not_assessed_no_semantic_guess
P6,51,m,P04,probe,16,92,False,True,False,True,False,parsed_control,False,not_assessed_no_semantic_guess
P6,51,m,P05,probe,16,95,False,True,False,True,False,parsed_control,False,not_assessed_no_semantic_guess
P6,51,m,P06,probe,16,310,False,True,True,True,True,parsed_control,True,not_assessed_no_semantic_guess
P6,51,m,P07,probe,16,69,False,False,False,False,False,normal_end_missing_final_marker_or_explicit_choice,False,not_assessed_no_semantic_guess
P6,51,m,P08,probe,16,125,False,True,False,True,False,parsed_control,False,not_assessed_no_semantic_guess
P6,51,m,P09,probe,16,74,False,True,True,True,True,parsed_control,True,not_assessed_no_semantic_guess
P6,51,m,P10,probe,16,94,False,True,False,True,False,parsed_control,False,not_assessed_no_semantic_guess
P6,51,m,P11,probe,16,283,False,True,True,True,True,parsed_control,True,not_assessed_no_semantic_guess
P6,51,m,P12,probe,16,207,False,True,False,True,False,parsed_control,False,not_assessed_no_semantic_guess
P6,51,m,P13,probe,16,2048,True,False,False,False,False,token_cap_without_parseable_final_choice,False,not_assessed_no_semantic_guess
P6,51,m,P14,probe,16,68,False,True,False,True,False,parsed_control,False,not_assessed_no_semantic_guess
P6,51,m,P15,probe,16,92,False,True,False,True,False,parsed_control,False,not_assessed_no_semantic_guess
P6,51,m,P16,probe,16,145,False,True,False,True,False,parsed_control,False,not_assessed_no_semantic_guess
P6,51,v,S01,before,1,85,False,True,False,True,False,parsed_control,False,not_assessed_no_semantic_guess
P6,51,v,S01,after,1,83,False,True,False,True,False,parsed_control,False,not_assessed_no_semantic_guess
P6,51,v,S02,before,2,79,False,True,True,True,True,parsed_control,False,not_assessed_no_semantic_guess
P6,51,v,S02,after,2,79,False,True,True,True,True,parsed_control,False,not_assessed_no_semantic_guess
P6,51,v,S03,before,3,229,False,True,False,True,False,parsed_control,False,not_assessed_no_semantic_guess
P6,51,v,S03,after,3,1815,False,False,False,False,False,normal_end_missing_final_marker_or_explicit_choice,False,not_assessed_no_semantic_guess
P6,51,v,S04,before,4,129,False,False,False,True,False,explicit_choice_unsupported_syntax,False,not_assessed_no_semantic_guess
P6,51,v,S04,after,4,159,False,False,False,True,False,explicit_choice_unsupported_syntax,False,not_assessed_no_semantic_guess
P6,51,v,S05,before,5,205,False,True,False,True,False,parsed_control,False,not_assessed_no_semantic_guess
P6,51,v,S05,after,5,194,False,True,False,True,False,parsed_control,False,not_assessed_no_semantic_guess
P6,51,v,S06,before,6,141,False,True,False,True,False,parsed_control,False,not_assessed_no_semantic_guess
P6,51,v,S06,after,6,129,False,True,False,True,False,parsed_control,False,not_assessed_no_semantic_guess
P6,51,v,S07,before,7,88,False,True,True,True,True,parsed_control,False,not_assessed_no_semantic_guess
P6,51,v,S07,after,7,219,False,False,False,False,False,explicit_choice_unsupported_syntax,False,not_assessed_no_semantic_guess
P6,51,v,S08,before,8,166,False,True,True,True,True,parsed_control,False,not_assessed_no_semantic_guess
P6,51,v,S08,after,8,222,False,True,False,True,False,parsed_control,False,not_assessed_no_semantic_guess
P6,51,v,S09,before,9,348,False,True,True,True,True,parsed_control,False,not_assessed_no_semantic_guess
P6,51,v,S09,after,9,341,False,True,True,True,True,parsed_control,False,not_assessed_no_semantic_guess
P6,51,v,S10,before,10,153,False,False,False,False,False,normal_end_missing_final_marker_or_explicit_choice,False,not_assessed_no_semantic_guess
P6,51,v,S10,after,10,159,False,False,False,False,False,normal_end_missing_final_marker_or_explicit_choice,False,not_assessed_no_semantic_guess
P6,51,v,S11,before,11,141,False,True,False,True,False,parsed_control,False,not_assessed_no_semantic_guess
P6,51,v,S11,after,11,141,False,True,False,True,False,parsed_control,False,not_assessed_no_semantic_guess
P6,51,v,S12,before,12,165,False,True,False,True,False,parsed_control,False,not_assessed_no_semantic_guess
P6,51,v,S12,after,12,165,False,True,False,True,False,parsed_control,False,not_assessed_no_semantic_guess
P6,51,v,S13,before,13,393,False,True,False,True,False,parsed_control,False,not_assessed_no_semantic_guess
P6,51,v,S13,after,13,410,False,True,False,True,False,parsed_control,False,not_assessed_no_semantic_guess
P6,51,v,S14,before,14,105,False,True,False,True,False,parsed_control,False,not_assessed_no_semantic_guess
P6,51,v,S14,after,14,105,False,True,False,True,False,parsed_control,False,not_assessed_no_semantic_guess
P6,51,v,S15,before,15,279,False,True,False,True,False,parsed_control,False,not_assessed_no_semantic_guess
P6,51,v,S15,after,15,279,False,True,False,True,False,parsed_control,False,not_assessed_no_semantic_guess
P6,51,v,S16,before,16,125,False,True,False,True,False,parsed_control,False,not_assessed_no_semantic_guess
P6,51,v,S16,after,16,125,False,True,False,True,False,parsed_control,False,not_assessed_no_semantic_guess
P6,51,v,P01,probe,0,169,False,True,False,True,False,parsed_control,False,not_assessed_no_semantic_guess
P6,51,v,P02,probe,0,81,False,True,False,True,False,parsed_control,False,not_assessed_no_semantic_guess
P6,51,v,P03,probe,0,77,False,True,False,True,False,parsed_control,False,not_assessed_no_semantic_guess
P6,51,v,P04,probe,0,116,False,True,False,True,False,parsed_control,False,not_assessed_no_semantic_guess
P6,51,v,P05,probe,0,150,False,True,False,True,False,parsed_control,False,not_assessed_no_semantic_guess
P6,51,v,P06,probe,0,169,False,True,True,True,True,parsed_control,True,not_assessed_no_semantic_guess
P6,51,v,P07,probe,0,87,False,False,False,False,False,explicit_choice_unsupported_syntax,False,not_assessed_no_semantic_guess
P6,51,v,P08,probe,0,143,False,False,False,False,False,explicit_choice_unsupported_syntax,False,not_assessed_no_semantic_guess
P6,51,v,P09,probe,0,109,False,True,True,True,True,parsed_control,True,not_assessed_no_semantic_guess
P6,51,v,P10,probe,0,108,False,True,False,True,False,parsed_control,False,not_assessed_no_semantic_guess
P6,51,v,P11,probe,0,349,False,True,True,True,True,parsed_control,True,not_assessed_no_semantic_guess
P6,51,v,P12,probe,0,186,False,True,False,True,False,parsed_control,False,not_assessed_no_semantic_guess
P6,51,v,P13,probe,0,276,False,True,False,True,False,parsed_control,False,not_assessed_no_semantic_guess
P6,51,v,P14,probe,0,83,False,True,False,True,False,parsed_control,False,not_assessed_no_semantic_guess
P6,51,v,P15,probe,0,159,False,True,False,True,False,parsed_control,False,not_assessed_no_semantic_guess
P6,51,v,P16,probe,0,255,False,False,False,False,False,normal_end_missing_final_marker_or_explicit_choice,False,not_assessed_no_semantic_guess
P6,51,v,P01,probe,16,175,False,True,False,True,False,parsed_control,False,not_assessed_no_semantic_guess
P6,51,v,P02,probe,16,53,False,False,False,False,False,normal_end_missing_final_marker_or_explicit_choice,False,not_assessed_no_semantic_guess
P6,51,v,P03,probe,16,55,False,True,False,True,False,parsed_control,False,not_assessed_no_semantic_guess
P6,51,v,P04,probe,16,116,False,True,False,True,False,parsed_control,False,not_assessed_no_semantic_guess
P6,51,v,P05,probe,16,95,False,True,False,True,False,parsed_control,False,not_assessed_no_semantic_guess
P6,51,v,P06,probe,16,169,False,True,True,True,True,parsed_control,True,not_assessed_no_semantic_guess
P6,51,v,P07,probe,16,86,False,False,False,False,False,normal_end_missing_final_marker_or_explicit_choice,False,not_assessed_no_semantic_guess
P6,51,v,P08,probe,16,136,False,False,False,True,False,explicit_choice_unsupported_syntax,False,not_assessed_no_semantic_guess
P6,51,v,P09,probe,16,2048,True,False,False,False,False,token_cap_without_parseable_final_choice,True,not_assessed_no_semantic_guess
P6,51,v,P10,probe,16,108,False,True,False,True,False,parsed_control,False,not_assessed_no_semantic_guess
P6,51,v,P11,probe,16,349,False,True,True,True,True,parsed_control,True,not_assessed_no_semantic_guess
P6,51,v,P12,probe,16,109,False,True,False,True,False,parsed_control,False,not_assessed_no_semantic_guess
P6,51,v,P13,probe,16,220,False,True,False,True,False,parsed_control,False,not_assessed_no_semantic_guess
P6,51,v,P14,probe,16,66,False,True,False,True,False,parsed_control,False,not_assessed_no_semantic_guess
P6,51,v,P15,probe,16,161,False,True,False,True,False,parsed_control,False,not_assessed_no_semantic_guess
P6,51,v,P16,probe,16,270,False,False,False,True,False,explicit_choice_unsupported_syntax,False,not_assessed_no_semantic_guess
P6,52,m,S01,before,1,85,False,True,False,True,False,parsed_control,False,not_assessed_no_semantic_guess
P6,52,m,S01,after,1,124,False,True,False,True,False,parsed_control,False,not_assessed_no_semantic_guess
P6,52,m,S02,before,2,71,False,False,False,False,False,explicit_choice_unsupported_syntax,False,not_assessed_no_semantic_guess
P6,52,m,S02,after,2,79,False,True,True,True,True,parsed_control,False,not_assessed_no_semantic_guess
P6,52,m,S03,before,3,1943,False,False,False,False,False,normal_end_missing_final_marker_or_explicit_choice,False,not_assessed_no_semantic_guess
P6,52,m,S03,after,3,2046,False,False,False,False,False,normal_end_missing_final_marker_or_explicit_choice,False,not_assessed_no_semantic_guess
P6,52,m,S04,before,4,144,False,True,False,True,False,parsed_control,False,not_assessed_no_semantic_guess
P6,52,m,S04,after,4,116,False,True,False,True,False,parsed_control,False,not_assessed_no_semantic_guess
P6,52,m,S05,before,5,190,False,True,False,True,False,parsed_control,False,not_assessed_no_semantic_guess
P6,52,m,S05,after,5,235,False,True,False,True,False,parsed_control,False,not_assessed_no_semantic_guess
P6,52,m,S06,before,6,130,False,True,False,True,False,parsed_control,False,not_assessed_no_semantic_guess
P6,52,m,S06,after,6,130,False,True,False,True,False,parsed_control,False,not_assessed_no_semantic_guess
P6,52,m,S07,before,7,218,False,False,False,False,False,explicit_choice_unsupported_syntax,False,not_assessed_no_semantic_guess
P6,52,m,S07,after,7,88,False,True,True,True,True,parsed_control,False,not_assessed_no_semantic_guess
P6,52,m,S08,before,8,173,False,True,True,True,True,parsed_control,False,not_assessed_no_semantic_guess
P6,52,m,S08,after,8,166,False,True,True,True,True,parsed_control,False,not_assessed_no_semantic_guess
P6,52,m,S09,before,9,321,False,True,True,True,True,parsed_control,False,not_assessed_no_semantic_guess
P6,52,m,S09,after,9,314,False,True,True,True,True,parsed_control,False,not_assessed_no_semantic_guess
P6,52,m,S10,before,10,123,False,False,False,False,False,normal_end_missing_final_marker_or_explicit_choice,False,not_assessed_no_semantic_guess
P6,52,m,S10,after,10,123,False,False,False,False,False,normal_end_missing_final_marker_or_explicit_choice,False,not_assessed_no_semantic_guess
P6,52,m,S11,before,11,141,False,True,False,True,False,parsed_control,False,not_assessed_no_semantic_guess
P6,52,m,S11,after,11,141,False,True,False,True,False,parsed_control,False,not_assessed_no_semantic_guess
P6,52,m,S12,before,12,169,False,False,False,False,False,normal_end_missing_final_marker_or_explicit_choice,False,not_assessed_no_semantic_guess
P6,52,m,S12,after,12,81,False,False,False,False,False,normal_end_missing_final_marker_or_explicit_choice,False,not_assessed_no_semantic_guess
P6,52,m,S13,before,13,312,False,True,False,True,False,parsed_control,False,not_assessed_no_semantic_guess
P6,52,m,S13,after,13,127,False,True,False,True,False,parsed_control,False,not_assessed_no_semantic_guess
P6,52,m,S14,before,14,109,False,True,False,True,False,parsed_control,False,not_assessed_no_semantic_guess
P6,52,m,S14,after,14,109,False,True,False,True,False,parsed_control,False,not_assessed_no_semantic_guess
P6,52,m,S15,before,15,279,False,True,False,True,False,parsed_control,False,not_assessed_no_semantic_guess
P6,52,m,S15,after,15,241,False,True,False,True,False,parsed_control,False,not_assessed_no_semantic_guess
P6,52,m,S16,before,16,125,False,True,False,True,False,parsed_control,False,not_assessed_no_semantic_guess
P6,52,m,S16,after,16,111,False,True,False,True,False,parsed_control,False,not_assessed_no_semantic_guess
P6,52,m,P01,probe,0,169,False,True,False,True,False,parsed_control,False,not_assessed_no_semantic_guess
P6,52,m,P02,probe,0,81,False,True,False,True,False,parsed_control,False,not_assessed_no_semantic_guess
P6,52,m,P03,probe,0,77,False,True,False,True,False,parsed_control,False,not_assessed_no_semantic_guess
P6,52,m,P04,probe,0,116,False,True,False,True,False,parsed_control,False,not_assessed_no_semantic_guess
P6,52,m,P05,probe,0,150,False,True,False,True,False,parsed_control,False,not_assessed_no_semantic_guess
P6,52,m,P06,probe,0,169,False,True,True,True,True,parsed_control,True,not_assessed_no_semantic_guess
P6,52,m,P07,probe,0,87,False,False,False,False,False,explicit_choice_unsupported_syntax,False,not_assessed_no_semantic_guess
P6,52,m,P08,probe,0,143,False,False,False,False,False,explicit_choice_unsupported_syntax,False,not_assessed_no_semantic_guess
P6,52,m,P09,probe,0,109,False,True,True,True,True,parsed_control,True,not_assessed_no_semantic_guess
P6,52,m,P10,probe,0,108,False,True,False,True,False,parsed_control,False,not_assessed_no_semantic_guess
P6,52,m,P11,probe,0,349,False,True,True,True,True,parsed_control,True,not_assessed_no_semantic_guess
P6,52,m,P12,probe,0,186,False,True,False,True,False,parsed_control,False,not_assessed_no_semantic_guess
P6,52,m,P13,probe,0,276,False,True,False,True,False,parsed_control,False,not_assessed_no_semantic_guess
P6,52,m,P14,probe,0,83,False,True,False,True,False,parsed_control,False,not_assessed_no_semantic_guess
P6,52,m,P15,probe,0,159,False,True,False,True,False,parsed_control,False,not_assessed_no_semantic_guess
P6,52,m,P16,probe,0,255,False,False,False,False,False,normal_end_missing_final_marker_or_explicit_choice,False,not_assessed_no_semantic_guess
P6,52,m,P01,probe,16,169,False,True,False,True,False,parsed_control,False,not_assessed_no_semantic_guess
P6,52,m,P02,probe,16,149,False,False,False,False,False,normal_end_missing_final_marker_or_explicit_choice,False,not_assessed_no_semantic_guess
P6,52,m,P03,probe,16,70,False,True,False,True,False,parsed_control,False,not_assessed_no_semantic_guess
P6,52,m,P04,probe,16,116,False,True,False,True,False,parsed_control,False,not_assessed_no_semantic_guess
P6,52,m,P05,probe,16,95,False,True,False,True,False,parsed_control,False,not_assessed_no_semantic_guess
P6,52,m,P06,probe,16,116,False,False,False,True,True,explicit_choice_unsupported_syntax,True,not_assessed_no_semantic_guess
P6,52,m,P07,probe,16,102,False,False,False,False,False,normal_end_missing_final_marker_or_explicit_choice,False,not_assessed_no_semantic_guess
P6,52,m,P08,probe,16,154,False,False,False,True,False,explicit_choice_unsupported_syntax,False,not_assessed_no_semantic_guess
P6,52,m,P09,probe,16,78,False,True,True,True,True,parsed_control,True,not_assessed_no_semantic_guess
P6,52,m,P10,probe,16,108,False,True,False,True,False,parsed_control,False,not_assessed_no_semantic_guess
P6,52,m,P11,probe,16,283,False,True,True,True,True,parsed_control,True,not_assessed_no_semantic_guess
P6,52,m,P12,probe,16,173,False,True,False,True,False,parsed_control,False,not_assessed_no_semantic_guess
P6,52,m,P13,probe,16,169,False,True,False,True,False,parsed_control,False,not_assessed_no_semantic_guess
P6,52,m,P14,probe,16,154,False,True,False,True,False,parsed_control,False,not_assessed_no_semantic_guess
P6,52,m,P15,probe,16,117,False,True,False,True,False,parsed_control,False,not_assessed_no_semantic_guess
P6,52,m,P16,probe,16,226,False,True,False,True,False,parsed_control,False,not_assessed_no_semantic_guess
P6,52,v,S01,before,1,85,False,True,False,True,False,parsed_control,False,not_assessed_no_semantic_guess
P6,52,v,S01,after,1,122,False,True,False,True,False,parsed_control,False,not_assessed_no_semantic_guess
P6,52,v,S02,before,2,79,False,True,True,True,True,parsed_control,False,not_assessed_no_semantic_guess
P6,52,v,S02,after,2,77,False,True,True,True,True,parsed_control,False,not_assessed_no_semantic_guess
P6,52,v,S03,before,3,165,False,True,False,True,False,parsed_control,False,not_assessed_no_semantic_guess
P6,52,v,S03,after,3,123,False,True,False,True,False,parsed_control,False,not_assessed_no_semantic_guess
P6,52,v,S04,before,4,139,False,False,False,True,False,explicit_choice_unsupported_syntax,False,not_assessed_no_semantic_guess
P6,52,v,S04,after,4,159,False,False,False,True,False,explicit_choice_unsupported_syntax,False,not_assessed_no_semantic_guess
P6,52,v,S05,before,5,190,False,True,False,True,False,parsed_control,False,not_assessed_no_semantic_guess
P6,52,v,S05,after,5,248,False,True,False,True,False,parsed_control,False,not_assessed_no_semantic_guess
P6,52,v,S06,before,6,135,False,True,False,True,False,parsed_control,False,not_assessed_no_semantic_guess
P6,52,v,S06,after,6,228,False,False,False,False,False,normal_end_missing_final_marker_or_explicit_choice,False,not_assessed_no_semantic_guess
P6,52,v,S07,before,7,219,False,False,False,False,False,explicit_choice_unsupported_syntax,False,not_assessed_no_semantic_guess
P6,52,v,S07,after,7,88,False,True,True,True,True,parsed_control,False,not_assessed_no_semantic_guess
P6,52,v,S08,before,8,174,False,True,True,True,True,parsed_control,False,not_assessed_no_semantic_guess
P6,52,v,S08,after,8,163,False,True,True,True,True,parsed_control,False,not_assessed_no_semantic_guess
P6,52,v,S09,before,9,341,False,True,True,True,True,parsed_control,False,not_assessed_no_semantic_guess
P6,52,v,S09,after,9,172,False,True,True,True,True,parsed_control,False,not_assessed_no_semantic_guess
P6,52,v,S10,before,10,162,False,False,False,False,False,normal_end_missing_final_marker_or_explicit_choice,False,not_assessed_no_semantic_guess
P6,52,v,S10,after,10,425,False,True,False,True,False,parsed_control,False,not_assessed_no_semantic_guess
P6,52,v,S11,before,11,141,False,True,False,True,False,parsed_control,False,not_assessed_no_semantic_guess
P6,52,v,S11,after,11,141,False,True,False,True,False,parsed_control,False,not_assessed_no_semantic_guess
P6,52,v,S12,before,12,165,False,True,False,True,False,parsed_control,False,not_assessed_no_semantic_guess
P6,52,v,S12,after,12,166,False,True,False,True,False,parsed_control,False,not_assessed_no_semantic_guess
P6,52,v,S13,before,13,393,False,True,False,True,False,parsed_control,False,not_assessed_no_semantic_guess
P6,52,v,S13,after,13,110,False,True,True,True,True,parsed_control,False,not_assessed_no_semantic_guess
P6,52,v,S14,before,14,109,False,True,False,True,False,parsed_control,False,not_assessed_no_semantic_guess
P6,52,v,S14,after,14,109,False,True,False,True,False,parsed_control,False,not_assessed_no_semantic_guess
P6,52,v,S15,before,15,241,False,True,False,True,False,parsed_control,False,not_assessed_no_semantic_guess
P6,52,v,S15,after,15,227,False,True,False,True,False,parsed_control,False,not_assessed_no_semantic_guess
P6,52,v,S16,before,16,125,False,True,False,True,False,parsed_control,False,not_assessed_no_semantic_guess
P6,52,v,S16,after,16,125,False,True,False,True,False,parsed_control,False,not_assessed_no_semantic_guess
P6,52,v,P01,probe,0,169,False,True,False,True,False,parsed_control,False,not_assessed_no_semantic_guess
P6,52,v,P02,probe,0,81,False,True,False,True,False,parsed_control,False,not_assessed_no_semantic_guess
P6,52,v,P03,probe,0,77,False,True,False,True,False,parsed_control,False,not_assessed_no_semantic_guess
P6,52,v,P04,probe,0,116,False,True,False,True,False,parsed_control,False,not_assessed_no_semantic_guess
P6,52,v,P05,probe,0,150,False,True,False,True,False,parsed_control,False,not_assessed_no_semantic_guess
P6,52,v,P06,probe,0,169,False,True,True,True,True,parsed_control,True,not_assessed_no_semantic_guess
P6,52,v,P07,probe,0,87,False,False,False,False,False,explicit_choice_unsupported_syntax,False,not_assessed_no_semantic_guess
P6,52,v,P08,probe,0,143,False,False,False,False,False,explicit_choice_unsupported_syntax,False,not_assessed_no_semantic_guess
P6,52,v,P09,probe,0,109,False,True,True,True,True,parsed_control,True,not_assessed_no_semantic_guess
P6,52,v,P10,probe,0,108,False,True,False,True,False,parsed_control,False,not_assessed_no_semantic_guess
P6,52,v,P11,probe,0,349,False,True,True,True,True,parsed_control,True,not_assessed_no_semantic_guess
P6,52,v,P12,probe,0,186,False,True,False,True,False,parsed_control,False,not_assessed_no_semantic_guess
P6,52,v,P13,probe,0,276,False,True,False,True,False,parsed_control,False,not_assessed_no_semantic_guess
P6,52,v,P14,probe,0,83,False,True,False,True,False,parsed_control,False,not_assessed_no_semantic_guess
P6,52,v,P15,probe,0,159,False,True,False,True,False,parsed_control,False,not_assessed_no_semantic_guess
P6,52,v,P16,probe,0,255,False,False,False,False,False,normal_end_missing_final_marker_or_explicit_choice,False,not_assessed_no_semantic_guess
P6,52,v,P01,probe,16,143,False,True,False,True,False,parsed_control,False,not_assessed_no_semantic_guess
P6,52,v,P02,probe,16,128,False,False,False,False,False,normal_end_missing_final_marker_or_explicit_choice,False,not_assessed_no_semantic_guess
P6,52,v,P03,probe,16,75,False,True,False,True,False,parsed_control,False,not_assessed_no_semantic_guess
P6,52,v,P04,probe,16,116,False,True,False,True,False,parsed_control,False,not_assessed_no_semantic_guess
P6,52,v,P05,probe,16,95,False,True,False,True,False,parsed_control,False,not_assessed_no_semantic_guess
P6,52,v,P06,probe,16,155,False,True,False,True,False,parsed_control,True,not_assessed_no_semantic_guess
P6,52,v,P07,probe,16,134,False,False,False,False,False,explicit_choice_unsupported_syntax,False,not_assessed_no_semantic_guess
P6,52,v,P08,probe,16,136,False,False,False,True,False,explicit_choice_unsupported_syntax,False,not_assessed_no_semantic_guess
P6,52,v,P09,probe,16,2048,True,False,False,False,False,token_cap_without_parseable_final_choice,True,not_assessed_no_semantic_guess
P6,52,v,P10,probe,16,108,False,True,False,True,False,parsed_control,False,not_assessed_no_semantic_guess
P6,52,v,P11,probe,16,349,False,True,True,True,True,parsed_control,True,not_assessed_no_semantic_guess
P6,52,v,P12,probe,16,176,False,True,False,True,False,parsed_control,False,not_assessed_no_semantic_guess
P6,52,v,P13,probe,16,171,False,True,False,True,False,parsed_control,False,not_assessed_no_semantic_guess
P6,52,v,P14,probe,16,83,False,True,False,True,False,parsed_control,False,not_assessed_no_semantic_guess
P6,52,v,P15,probe,16,161,False,True,False,True,False,parsed_control,False,not_assessed_no_semantic_guess
P6,52,v,P16,probe,16,255,False,False,False,False,False,normal_end_missing_final_marker_or_explicit_choice,False,not_assessed_no_semantic_guess
P6,53,m,S01,before,1,85,False,True,False,True,False,parsed_control,False,not_assessed_no_semantic_guess
P6,53,m,S01,after,1,83,False,True,False,True,False,parsed_control,False,not_assessed_no_semantic_guess
P6,53,m,S02,before,2,79,False,True,True,True,True,parsed_control,False,not_assessed_no_semantic_guess
P6,53,m,S02,after,2,79,False,True,True,True,True,parsed_control,False,not_assessed_no_semantic_guess
P6,53,m,S03,before,3,1687,False,False,False,False,False,normal_end_missing_final_marker_or_explicit_choice,False,not_assessed_no_semantic_guess
P6,53,m,S03,after,3,1815,False,False,False,False,False,normal_end_missing_final_marker_or_explicit_choice,False,not_assessed_no_semantic_guess
P6,53,m,S04,before,4,159,False,False,False,True,False,explicit_choice_unsupported_syntax,False,not_assessed_no_semantic_guess
P6,53,m,S04,after,4,128,False,False,False,True,False,explicit_choice_unsupported_syntax,False,not_assessed_no_semantic_guess
P6,53,m,S05,before,5,129,False,False,False,False,False,normal_end_missing_final_marker_or_explicit_choice,False,not_assessed_no_semantic_guess
P6,53,m,S05,after,5,194,False,True,False,True,False,parsed_control,False,not_assessed_no_semantic_guess
P6,53,m,S06,before,6,130,False,True,False,True,False,parsed_control,False,not_assessed_no_semantic_guess
P6,53,m,S06,after,6,129,False,True,False,True,False,parsed_control,False,not_assessed_no_semantic_guess
P6,53,m,S07,before,7,92,False,False,False,False,False,explicit_choice_unsupported_syntax,False,not_assessed_no_semantic_guess
P6,53,m,S07,after,7,219,False,False,False,False,False,explicit_choice_unsupported_syntax,False,not_assessed_no_semantic_guess
P6,53,m,S08,before,8,163,False,True,True,True,True,parsed_control,False,not_assessed_no_semantic_guess
P6,53,m,S08,after,8,173,False,True,True,True,True,parsed_control,False,not_assessed_no_semantic_guess
P6,53,m,S09,before,9,313,False,True,True,True,True,parsed_control,False,not_assessed_no_semantic_guess
P6,53,m,S09,after,9,309,False,True,True,True,True,parsed_control,False,not_assessed_no_semantic_guess
P6,53,m,S10,before,10,142,False,True,False,True,False,parsed_control,False,not_assessed_no_semantic_guess
P6,53,m,S10,after,10,142,False,True,False,True,False,parsed_control,False,not_assessed_no_semantic_guess
P6,53,m,S11,before,11,141,False,True,False,True,False,parsed_control,False,not_assessed_no_semantic_guess
P6,53,m,S11,after,11,141,False,True,False,True,False,parsed_control,False,not_assessed_no_semantic_guess
P6,53,m,S12,before,12,159,False,True,False,True,False,parsed_control,False,not_assessed_no_semantic_guess
P6,53,m,S12,after,12,86,False,False,False,False,False,normal_end_missing_final_marker_or_explicit_choice,False,not_assessed_no_semantic_guess
P6,53,m,S13,before,13,432,False,True,False,True,False,parsed_control,False,not_assessed_no_semantic_guess
P6,53,m,S13,after,13,427,False,True,False,True,False,parsed_control,False,not_assessed_no_semantic_guess
P6,53,m,S14,before,14,105,False,True,False,True,False,parsed_control,False,not_assessed_no_semantic_guess
P6,53,m,S14,after,14,109,False,True,False,True,False,parsed_control,False,not_assessed_no_semantic_guess
P6,53,m,S15,before,15,222,False,True,False,True,False,parsed_control,False,not_assessed_no_semantic_guess
P6,53,m,S15,after,15,222,False,True,False,True,False,parsed_control,False,not_assessed_no_semantic_guess
P6,53,m,S16,before,16,125,False,True,False,True,False,parsed_control,False,not_assessed_no_semantic_guess
P6,53,m,S16,after,16,125,False,True,False,True,False,parsed_control,False,not_assessed_no_semantic_guess
P6,53,m,P01,probe,0,169,False,True,False,True,False,parsed_control,False,not_assessed_no_semantic_guess
P6,53,m,P02,probe,0,81,False,True,False,True,False,parsed_control,False,not_assessed_no_semantic_guess
P6,53,m,P03,probe,0,77,False,True,False,True,False,parsed_control,False,not_assessed_no_semantic_guess
P6,53,m,P04,probe,0,116,False,True,False,True,False,parsed_control,False,not_assessed_no_semantic_guess
P6,53,m,P05,probe,0,150,False,True,False,True,False,parsed_control,False,not_assessed_no_semantic_guess
P6,53,m,P06,probe,0,169,False,True,True,True,True,parsed_control,True,not_assessed_no_semantic_guess
P6,53,m,P07,probe,0,87,False,False,False,False,False,explicit_choice_unsupported_syntax,False,not_assessed_no_semantic_guess
P6,53,m,P08,probe,0,143,False,False,False,False,False,explicit_choice_unsupported_syntax,False,not_assessed_no_semantic_guess
P6,53,m,P09,probe,0,109,False,True,True,True,True,parsed_control,True,not_assessed_no_semantic_guess
P6,53,m,P10,probe,0,108,False,True,False,True,False,parsed_control,False,not_assessed_no_semantic_guess
P6,53,m,P11,probe,0,349,False,True,True,True,True,parsed_control,True,not_assessed_no_semantic_guess
P6,53,m,P12,probe,0,186,False,True,False,True,False,parsed_control,False,not_assessed_no_semantic_guess
P6,53,m,P13,probe,0,276,False,True,False,True,False,parsed_control,False,not_assessed_no_semantic_guess
P6,53,m,P14,probe,0,83,False,True,False,True,False,parsed_control,False,not_assessed_no_semantic_guess
P6,53,m,P15,probe,0,159,False,True,False,True,False,parsed_control,False,not_assessed_no_semantic_guess
P6,53,m,P16,probe,0,255,False,False,False,False,False,normal_end_missing_final_marker_or_explicit_choice,False,not_assessed_no_semantic_guess
P6,53,m,P01,probe,16,109,False,True,False,True,False,parsed_control,False,not_assessed_no_semantic_guess
P6,53,m,P02,probe,16,128,False,False,False,False,False,normal_end_missing_final_marker_or_explicit_choice,False,not_assessed_no_semantic_guess
P6,53,m,P03,probe,16,130,False,True,False,True,False,parsed_control,False,not_assessed_no_semantic_guess
P6,53,m,P04,probe,16,116,False,True,False,True,False,parsed_control,False,not_assessed_no_semantic_guess
P6,53,m,P05,probe,16,95,False,True,False,True,False,parsed_control,False,not_assessed_no_semantic_guess
P6,53,m,P06,probe,16,202,False,False,False,True,True,explicit_choice_unsupported_syntax,True,not_assessed_no_semantic_guess
P6,53,m,P07,probe,16,102,False,False,False,False,False,normal_end_missing_final_marker_or_explicit_choice,False,not_assessed_no_semantic_guess
P6,53,m,P08,probe,16,141,False,False,False,True,False,explicit_choice_unsupported_syntax,False,not_assessed_no_semantic_guess
P6,53,m,P09,probe,16,2048,True,False,False,False,False,token_cap_without_parseable_final_choice,True,not_assessed_no_semantic_guess
P6,53,m,P10,probe,16,108,False,True,False,True,False,parsed_control,False,not_assessed_no_semantic_guess
P6,53,m,P11,probe,16,339,False,True,True,True,True,parsed_control,True,not_assessed_no_semantic_guess
P6,53,m,P12,probe,16,201,False,True,False,True,False,parsed_control,False,not_assessed_no_semantic_guess
P6,53,m,P13,probe,16,221,False,True,False,True,False,parsed_control,False,not_assessed_no_semantic_guess
P6,53,m,P14,probe,16,94,False,True,False,True,False,parsed_control,False,not_assessed_no_semantic_guess
P6,53,m,P15,probe,16,139,False,True,False,True,False,parsed_control,False,not_assessed_no_semantic_guess
P6,53,m,P16,probe,16,2048,True,False,False,False,False,token_cap_without_parseable_final_choice,False,not_assessed_no_semantic_guess
P6,53,v,S01,before,1,85,False,True,False,True,False,parsed_control,False,not_assessed_no_semantic_guess
P6,53,v,S01,after,1,83,False,True,False,True,False,parsed_control,False,not_assessed_no_semantic_guess
P6,53,v,S02,before,2,77,False,True,True,True,True,parsed_control,False,not_assessed_no_semantic_guess
P6,53,v,S02,after,2,73,False,False,False,False,False,explicit_choice_unsupported_syntax,False,not_assessed_no_semantic_guess
P6,53,v,S03,before,3,1687,False,False,False,False,False,normal_end_missing_final_marker_or_explicit_choice,False,not_assessed_no_semantic_guess
P6,53,v,S03,after,3,2048,True,False,False,False,False,token_cap_without_parseable_final_choice,False,not_assessed_no_semantic_guess
P6,53,v,S04,before,4,101,False,True,False,True,False,parsed_control,False,not_assessed_no_semantic_guess
P6,53,v,S04,after,4,102,False,False,False,True,False,explicit_choice_unsupported_syntax,False,not_assessed_no_semantic_guess
P6,53,v,S05,before,5,114,False,True,False,True,False,parsed_control,False,not_assessed_no_semantic_guess
P6,53,v,S05,after,5,203,False,True,False,True,False,parsed_control,False,not_assessed_no_semantic_guess
P6,53,v,S06,before,6,129,False,True,False,True,False,parsed_control,False,not_assessed_no_semantic_guess
P6,53,v,S06,after,6,141,False,True,False,True,False,parsed_control,False,not_assessed_no_semantic_guess
P6,53,v,S07,before,7,219,False,False,False,False,False,explicit_choice_unsupported_syntax,False,not_assessed_no_semantic_guess
P6,53,v,S07,after,7,88,False,True,True,True,True,parsed_control,False,not_assessed_no_semantic_guess
P6,53,v,S08,before,8,218,False,True,False,True,False,parsed_control,False,not_assessed_no_semantic_guess
P6,53,v,S08,after,8,180,False,True,True,True,True,parsed_control,False,not_assessed_no_semantic_guess
P6,53,v,S09,before,9,305,False,True,False,True,False,parsed_control,False,not_assessed_no_semantic_guess
P6,53,v,S09,after,9,309,False,True,True,True,True,parsed_control,False,not_assessed_no_semantic_guess
P6,53,v,S10,before,10,144,False,False,False,False,False,normal_end_missing_final_marker_or_explicit_choice,False,not_assessed_no_semantic_guess
P6,53,v,S10,after,10,144,False,False,False,False,False,normal_end_missing_final_marker_or_explicit_choice,False,not_assessed_no_semantic_guess
P6,53,v,S11,before,11,141,False,True,False,True,False,parsed_control,False,not_assessed_no_semantic_guess
P6,53,v,S11,after,11,141,False,True,False,True,False,parsed_control,False,not_assessed_no_semantic_guess
P6,53,v,S12,before,12,165,False,True,False,True,False,parsed_control,False,not_assessed_no_semantic_guess
P6,53,v,S12,after,12,166,False,True,False,True,False,parsed_control,False,not_assessed_no_semantic_guess
P6,53,v,S13,before,13,418,False,True,False,True,False,parsed_control,False,not_assessed_no_semantic_guess
P6,53,v,S13,after,13,415,False,True,True,True,True,parsed_control,False,not_assessed_no_semantic_guess
P6,53,v,S14,before,14,105,False,True,False,True,False,parsed_control,False,not_assessed_no_semantic_guess
P6,53,v,S14,after,14,109,False,True,False,True,False,parsed_control,False,not_assessed_no_semantic_guess
P6,53,v,S15,before,15,279,False,True,False,True,False,parsed_control,False,not_assessed_no_semantic_guess
P6,53,v,S15,after,15,279,False,True,False,True,False,parsed_control,False,not_assessed_no_semantic_guess
P6,53,v,S16,before,16,125,False,True,False,True,False,parsed_control,False,not_assessed_no_semantic_guess
P6,53,v,S16,after,16,125,False,True,False,True,False,parsed_control,False,not_assessed_no_semantic_guess
P6,53,v,P01,probe,0,169,False,True,False,True,False,parsed_control,False,not_assessed_no_semantic_guess
P6,53,v,P02,probe,0,81,False,True,False,True,False,parsed_control,False,not_assessed_no_semantic_guess
P6,53,v,P03,probe,0,77,False,True,False,True,False,parsed_control,False,not_assessed_no_semantic_guess
P6,53,v,P04,probe,0,116,False,True,False,True,False,parsed_control,False,not_assessed_no_semantic_guess
P6,53,v,P05,probe,0,150,False,True,False,True,False,parsed_control,False,not_assessed_no_semantic_guess
P6,53,v,P06,probe,0,169,False,True,True,True,True,parsed_control,True,not_assessed_no_semantic_guess
P6,53,v,P07,probe,0,87,False,False,False,False,False,explicit_choice_unsupported_syntax,False,not_assessed_no_semantic_guess
P6,53,v,P08,probe,0,143,False,False,False,False,False,explicit_choice_unsupported_syntax,False,not_assessed_no_semantic_guess
P6,53,v,P09,probe,0,109,False,True,True,True,True,parsed_control,True,not_assessed_no_semantic_guess
P6,53,v,P10,probe,0,108,False,True,False,True,False,parsed_control,False,not_assessed_no_semantic_guess
P6,53,v,P11,probe,0,349,False,True,True,True,True,parsed_control,True,not_assessed_no_semantic_guess
P6,53,v,P12,probe,0,186,False,True,False,True,False,parsed_control,False,not_assessed_no_semantic_guess
P6,53,v,P13,probe,0,276,False,True,False,True,False,parsed_control,False,not_assessed_no_semantic_guess
P6,53,v,P14,probe,0,83,False,True,False,True,False,parsed_control,False,not_assessed_no_semantic_guess
P6,53,v,P15,probe,0,159,False,True,False,True,False,parsed_control,False,not_assessed_no_semantic_guess
P6,53,v,P16,probe,0,255,False,False,False,False,False,normal_end_missing_final_marker_or_explicit_choice,False,not_assessed_no_semantic_guess
P6,53,v,P01,probe,16,413,False,True,False,True,False,parsed_control,False,not_assessed_no_semantic_guess
P6,53,v,P02,probe,16,62,False,True,False,True,False,parsed_control,False,not_assessed_no_semantic_guess
P6,53,v,P03,probe,16,72,False,True,False,True,False,parsed_control,False,not_assessed_no_semantic_guess
P6,53,v,P04,probe,16,116,False,True,False,True,False,parsed_control,False,not_assessed_no_semantic_guess
P6,53,v,P05,probe,16,95,False,True,False,True,False,parsed_control,False,not_assessed_no_semantic_guess
P6,53,v,P06,probe,16,256,False,True,True,True,True,parsed_control,True,not_assessed_no_semantic_guess
P6,53,v,P07,probe,16,101,False,False,False,False,False,normal_end_missing_final_marker_or_explicit_choice,False,not_assessed_no_semantic_guess
P6,53,v,P08,probe,16,125,False,True,False,True,False,parsed_control,False,not_assessed_no_semantic_guess
P6,53,v,P09,probe,16,78,False,True,True,True,True,parsed_control,True,not_assessed_no_semantic_guess
P6,53,v,P10,probe,16,108,False,True,False,True,False,parsed_control,False,not_assessed_no_semantic_guess
P6,53,v,P11,probe,16,283,False,True,True,True,True,parsed_control,True,not_assessed_no_semantic_guess
P6,53,v,P12,probe,16,174,False,True,False,True,False,parsed_control,False,not_assessed_no_semantic_guess
P6,53,v,P13,probe,16,220,False,True,False,True,False,parsed_control,False,not_assessed_no_semantic_guess
P6,53,v,P14,probe,16,82,False,True,False,True,False,parsed_control,False,not_assessed_no_semantic_guess
P6,53,v,P15,probe,16,139,False,True,False,True,False,parsed_control,False,not_assessed_no_semantic_guess
P6,53,v,P16,probe,16,171,False,True,False,True,False,parsed_control,False,not_assessed_no_semantic_guess
P7,54,m,S01,before,1,85,False,True,False,True,False,parsed_control,False,not_assessed_no_semantic_guess
P7,54,m,S01,after,1,83,False,True,False,True,False,parsed_control,False,not_assessed_no_semantic_guess
P7,54,m,S02,before,2,73,False,False,False,False,False,explicit_choice_unsupported_syntax,False,not_assessed_no_semantic_guess
P7,54,m,S02,after,2,77,False,True,True,True,True,parsed_control,False,not_assessed_no_semantic_guess
P7,54,m,S03,before,3,2046,False,False,False,False,False,normal_end_missing_final_marker_or_explicit_choice,False,not_assessed_no_semantic_guess
P7,54,m,S03,after,3,1763,False,False,False,False,False,normal_end_missing_final_marker_or_explicit_choice,False,not_assessed_no_semantic_guess
P7,54,m,S04,before,4,101,False,True,False,True,False,parsed_control,False,not_assessed_no_semantic_guess
P7,54,m,S04,after,4,101,False,True,False,True,False,parsed_control,False,not_assessed_no_semantic_guess
P7,54,m,S05,before,5,85,False,False,False,False,False,normal_end_missing_final_marker_or_explicit_choice,False,not_assessed_no_semantic_guess
P7,54,m,S05,after,5,203,False,True,False,True,False,parsed_control,False,not_assessed_no_semantic_guess
P7,54,m,S06,before,6,139,False,True,False,True,False,parsed_control,False,not_assessed_no_semantic_guess
P7,54,m,S06,after,6,130,False,True,False,True,False,parsed_control,False,not_assessed_no_semantic_guess
P7,54,m,S07,before,7,88,False,True,True,True,True,parsed_control,False,not_assessed_no_semantic_guess
P7,54,m,S07,after,7,88,False,True,True,True,True,parsed_control,False,not_assessed_no_semantic_guess
P7,54,m,S08,before,8,217,False,True,True,True,True,parsed_control,False,not_assessed_no_semantic_guess
P7,54,m,S08,after,8,176,False,True,True,True,True,parsed_control,False,not_assessed_no_semantic_guess
P7,54,m,S09,before,9,398,False,True,True,True,True,parsed_control,False,not_assessed_no_semantic_guess
P7,54,m,S09,after,9,265,False,True,True,True,True,parsed_control,False,not_assessed_no_semantic_guess
P7,54,m,S10,before,10,145,False,False,False,False,False,normal_end_missing_final_marker_or_explicit_choice,False,not_assessed_no_semantic_guess
P7,54,m,S10,after,10,123,False,False,False,False,False,normal_end_missing_final_marker_or_explicit_choice,False,not_assessed_no_semantic_guess
P7,54,m,S11,before,11,158,False,True,False,True,False,parsed_control,False,not_assessed_no_semantic_guess
P7,54,m,S11,after,11,128,False,True,False,True,False,parsed_control,False,not_assessed_no_semantic_guess
P7,54,m,S12,before,12,72,False,False,False,False,False,normal_end_missing_final_marker_or_explicit_choice,False,not_assessed_no_semantic_guess
P7,54,m,S12,after,12,89,False,False,False,False,False,normal_end_missing_final_marker_or_explicit_choice,False,not_assessed_no_semantic_guess
P7,54,m,S13,before,13,398,False,True,False,True,False,parsed_control,False,not_assessed_no_semantic_guess
P7,54,m,S13,after,13,349,False,True,False,True,False,parsed_control,False,not_assessed_no_semantic_guess
P7,54,m,S14,before,14,98,False,False,False,False,False,normal_end_missing_final_marker_or_explicit_choice,False,not_assessed_no_semantic_guess
P7,54,m,S14,after,14,95,False,True,False,True,False,parsed_control,False,not_assessed_no_semantic_guess
P7,54,m,S15,before,15,210,False,True,False,True,False,parsed_control,False,not_assessed_no_semantic_guess
P7,54,m,S15,after,15,176,False,True,False,True,False,parsed_control,False,not_assessed_no_semantic_guess
P7,54,m,S16,before,16,98,False,True,False,True,False,parsed_control,False,not_assessed_no_semantic_guess
P7,54,m,S16,after,16,98,False,True,False,True,False,parsed_control,False,not_assessed_no_semantic_guess
P7,54,m,P01,probe,0,169,False,True,False,True,False,parsed_control,False,not_assessed_no_semantic_guess
P7,54,m,P02,probe,0,81,False,True,False,True,False,parsed_control,False,not_assessed_no_semantic_guess
P7,54,m,P03,probe,0,77,False,True,False,True,False,parsed_control,False,not_assessed_no_semantic_guess
P7,54,m,P04,probe,0,116,False,True,False,True,False,parsed_control,False,not_assessed_no_semantic_guess
P7,54,m,P05,probe,0,150,False,True,False,True,False,parsed_control,False,not_assessed_no_semantic_guess
P7,54,m,P06,probe,0,169,False,True,True,True,True,parsed_control,True,not_assessed_no_semantic_guess
P7,54,m,P07,probe,0,87,False,False,False,False,False,explicit_choice_unsupported_syntax,False,not_assessed_no_semantic_guess
P7,54,m,P08,probe,0,143,False,False,False,False,False,explicit_choice_unsupported_syntax,False,not_assessed_no_semantic_guess
P7,54,m,P09,probe,0,109,False,True,True,True,True,parsed_control,True,not_assessed_no_semantic_guess
P7,54,m,P10,probe,0,108,False,True,False,True,False,parsed_control,False,not_assessed_no_semantic_guess
P7,54,m,P11,probe,0,349,False,True,True,True,True,parsed_control,True,not_assessed_no_semantic_guess
P7,54,m,P12,probe,0,186,False,True,False,True,False,parsed_control,False,not_assessed_no_semantic_guess
P7,54,m,P13,probe,0,276,False,True,False,True,False,parsed_control,False,not_assessed_no_semantic_guess
P7,54,m,P14,probe,0,83,False,True,False,True,False,parsed_control,False,not_assessed_no_semantic_guess
P7,54,m,P15,probe,0,159,False,True,False,True,False,parsed_control,False,not_assessed_no_semantic_guess
P7,54,m,P16,probe,0,255,False,False,False,False,False,normal_end_missing_final_marker_or_explicit_choice,False,not_assessed_no_semantic_guess
P7,54,m,P01,probe,16,154,False,True,False,True,False,parsed_control,False,not_assessed_no_semantic_guess
P7,54,m,P02,probe,16,147,False,False,False,False,False,normal_end_missing_final_marker_or_explicit_choice,False,not_assessed_no_semantic_guess
P7,54,m,P03,probe,16,79,False,True,False,True,False,parsed_control,False,not_assessed_no_semantic_guess
P7,54,m,P04,probe,16,116,False,True,False,True,False,parsed_control,False,not_assessed_no_semantic_guess
P7,54,m,P05,probe,16,91,False,True,False,True,False,parsed_control,False,not_assessed_no_semantic_guess
P7,54,m,P06,probe,16,260,False,True,True,True,True,parsed_control,True,not_assessed_no_semantic_guess
P7,54,m,P07,probe,16,60,False,False,False,False,False,explicit_choice_unsupported_syntax,False,not_assessed_no_semantic_guess
P7,54,m,P08,probe,16,256,False,True,False,True,False,parsed_control,False,not_assessed_no_semantic_guess
P7,54,m,P09,probe,16,88,False,True,True,True,True,parsed_control,True,not_assessed_no_semantic_guess
P7,54,m,P10,probe,16,93,False,True,False,True,False,parsed_control,False,not_assessed_no_semantic_guess
P7,54,m,P11,probe,16,320,False,True,True,True,True,parsed_control,True,not_assessed_no_semantic_guess
P7,54,m,P12,probe,16,213,False,True,False,True,False,parsed_control,False,not_assessed_no_semantic_guess
P7,54,m,P13,probe,16,141,False,True,False,True,False,parsed_control,False,not_assessed_no_semantic_guess
P7,54,m,P14,probe,16,71,False,True,False,True,False,parsed_control,False,not_assessed_no_semantic_guess
P7,54,m,P15,probe,16,104,False,True,False,True,False,parsed_control,False,not_assessed_no_semantic_guess
P7,54,m,P16,probe,16,187,False,True,False,True,False,parsed_control,False,not_assessed_no_semantic_guess
P7,54,v,S01,before,1,85,False,True,False,True,False,parsed_control,False,not_assessed_no_semantic_guess
P7,54,v,S01,after,1,83,False,True,False,True,False,parsed_control,False,not_assessed_no_semantic_guess
P7,54,v,S02,before,2,107,False,True,False,True,False,parsed_control,False,not_assessed_no_semantic_guess
P7,54,v,S02,after,2,64,False,True,True,True,True,parsed_control,False,not_assessed_no_semantic_guess
P7,54,v,S03,before,3,406,False,True,False,True,False,parsed_control,False,not_assessed_no_semantic_guess
P7,54,v,S03,after,3,2048,True,False,False,False,False,token_cap_without_parseable_final_choice,False,not_assessed_no_semantic_guess
P7,54,v,S04,before,4,100,False,True,False,True,False,parsed_control,False,not_assessed_no_semantic_guess
P7,54,v,S04,after,4,101,False,True,False,True,False,parsed_control,False,not_assessed_no_semantic_guess
P7,54,v,S05,before,5,107,False,True,False,True,False,parsed_control,False,not_assessed_no_semantic_guess
P7,54,v,S05,after,5,190,False,True,False,True,False,parsed_control,False,not_assessed_no_semantic_guess
P7,54,v,S06,before,6,130,False,True,False,True,False,parsed_control,False,not_assessed_no_semantic_guess
P7,54,v,S06,after,6,130,False,True,False,True,False,parsed_control,False,not_assessed_no_semantic_guess
P7,54,v,S07,before,7,80,False,False,False,False,False,explicit_choice_unsupported_syntax,False,not_assessed_no_semantic_guess
P7,54,v,S07,after,7,219,False,False,False,False,False,explicit_choice_unsupported_syntax,False,not_assessed_no_semantic_guess
P7,54,v,S08,before,8,171,False,True,True,True,True,parsed_control,False,not_assessed_no_semantic_guess
P7,54,v,S08,after,8,166,False,True,True,True,True,parsed_control,False,not_assessed_no_semantic_guess
P7,54,v,S09,before,9,317,False,True,True,True,True,parsed_control,False,not_assessed_no_semantic_guess
P7,54,v,S09,after,9,293,False,True,False,True,False,parsed_control,False,not_assessed_no_semantic_guess
P7,54,v,S10,before,10,149,False,False,False,False,False,normal_end_missing_final_marker_or_explicit_choice,False,not_assessed_no_semantic_guess
P7,54,v,S10,after,10,145,False,False,False,False,False,normal_end_missing_final_marker_or_explicit_choice,False,not_assessed_no_semantic_guess
P7,54,v,S11,before,11,141,False,True,False,True,False,parsed_control,False,not_assessed_no_semantic_guess
P7,54,v,S11,after,11,141,False,True,False,True,False,parsed_control,False,not_assessed_no_semantic_guess
P7,54,v,S12,before,12,86,False,False,False,False,False,normal_end_missing_final_marker_or_explicit_choice,False,not_assessed_no_semantic_guess
P7,54,v,S12,after,12,86,False,False,False,False,False,normal_end_missing_final_marker_or_explicit_choice,False,not_assessed_no_semantic_guess
P7,54,v,S13,before,13,412,False,True,False,True,False,parsed_control,False,not_assessed_no_semantic_guess
P7,54,v,S13,after,13,109,False,True,True,True,True,parsed_control,False,not_assessed_no_semantic_guess
P7,54,v,S14,before,14,105,False,True,False,True,False,parsed_control,False,not_assessed_no_semantic_guess
P7,54,v,S14,after,14,105,False,True,False,True,False,parsed_control,False,not_assessed_no_semantic_guess
P7,54,v,S15,before,15,224,False,True,False,True,False,parsed_control,False,not_assessed_no_semantic_guess
P7,54,v,S15,after,15,257,False,True,False,True,False,parsed_control,False,not_assessed_no_semantic_guess
P7,54,v,S16,before,16,125,False,True,False,True,False,parsed_control,False,not_assessed_no_semantic_guess
P7,54,v,S16,after,16,125,False,True,False,True,False,parsed_control,False,not_assessed_no_semantic_guess
P7,54,v,P01,probe,0,169,False,True,False,True,False,parsed_control,False,not_assessed_no_semantic_guess
P7,54,v,P02,probe,0,81,False,True,False,True,False,parsed_control,False,not_assessed_no_semantic_guess
P7,54,v,P03,probe,0,77,False,True,False,True,False,parsed_control,False,not_assessed_no_semantic_guess
P7,54,v,P04,probe,0,116,False,True,False,True,False,parsed_control,False,not_assessed_no_semantic_guess
P7,54,v,P05,probe,0,150,False,True,False,True,False,parsed_control,False,not_assessed_no_semantic_guess
P7,54,v,P06,probe,0,169,False,True,True,True,True,parsed_control,True,not_assessed_no_semantic_guess
P7,54,v,P07,probe,0,87,False,False,False,False,False,explicit_choice_unsupported_syntax,False,not_assessed_no_semantic_guess
P7,54,v,P08,probe,0,143,False,False,False,False,False,explicit_choice_unsupported_syntax,False,not_assessed_no_semantic_guess
P7,54,v,P09,probe,0,109,False,True,True,True,True,parsed_control,True,not_assessed_no_semantic_guess
P7,54,v,P10,probe,0,108,False,True,False,True,False,parsed_control,False,not_assessed_no_semantic_guess
P7,54,v,P11,probe,0,349,False,True,True,True,True,parsed_control,True,not_assessed_no_semantic_guess
P7,54,v,P12,probe,0,186,False,True,False,True,False,parsed_control,False,not_assessed_no_semantic_guess
P7,54,v,P13,probe,0,276,False,True,False,True,False,parsed_control,False,not_assessed_no_semantic_guess
P7,54,v,P14,probe,0,83,False,True,False,True,False,parsed_control,False,not_assessed_no_semantic_guess
P7,54,v,P15,probe,0,159,False,True,False,True,False,parsed_control,False,not_assessed_no_semantic_guess
P7,54,v,P16,probe,0,255,False,False,False,False,False,normal_end_missing_final_marker_or_explicit_choice,False,not_assessed_no_semantic_guess
P7,54,v,P01,probe,16,109,False,True,False,True,False,parsed_control,False,not_assessed_no_semantic_guess
P7,54,v,P02,probe,16,59,False,False,False,False,False,normal_end_missing_final_marker_or_explicit_choice,False,not_assessed_no_semantic_guess
P7,54,v,P03,probe,16,72,False,True,False,True,False,parsed_control,False,not_assessed_no_semantic_guess
P7,54,v,P04,probe,16,161,False,False,False,False,False,normal_end_missing_final_marker_or_explicit_choice,False,not_assessed_no_semantic_guess
P7,54,v,P05,probe,16,95,False,True,False,True,False,parsed_control,False,not_assessed_no_semantic_guess
P7,54,v,P06,probe,16,99,False,True,True,True,True,parsed_control,True,not_assessed_no_semantic_guess
P7,54,v,P07,probe,16,86,False,False,False,False,False,normal_end_missing_final_marker_or_explicit_choice,False,not_assessed_no_semantic_guess
P7,54,v,P08,probe,16,136,False,False,False,True,False,explicit_choice_unsupported_syntax,False,not_assessed_no_semantic_guess
P7,54,v,P09,probe,16,82,False,True,True,True,True,parsed_control,True,not_assessed_no_semantic_guess
P7,54,v,P10,probe,16,108,False,True,False,True,False,parsed_control,False,not_assessed_no_semantic_guess
P7,54,v,P11,probe,16,283,False,True,True,True,True,parsed_control,True,not_assessed_no_semantic_guess
P7,54,v,P12,probe,16,289,False,True,False,True,False,parsed_control,False,not_assessed_no_semantic_guess
P7,54,v,P13,probe,16,255,False,True,False,True,False,parsed_control,False,not_assessed_no_semantic_guess
P7,54,v,P14,probe,16,167,False,True,False,True,False,parsed_control,False,not_assessed_no_semantic_guess
P7,54,v,P15,probe,16,127,False,True,False,True,False,parsed_control,False,not_assessed_no_semantic_guess
P7,54,v,P16,probe,16,2048,True,False,False,False,False,token_cap_without_parseable_final_choice,False,not_assessed_no_semantic_guess
P7,55,m,S01,before,1,85,False,True,False,True,False,parsed_control,False,not_assessed_no_semantic_guess
P7,55,m,S01,after,1,85,False,True,False,True,False,parsed_control,False,not_assessed_no_semantic_guess
P7,55,m,S02,before,2,64,False,False,False,False,False,explicit_choice_unsupported_syntax,False,not_assessed_no_semantic_guess
P7,55,m,S02,after,2,65,False,True,True,True,True,parsed_control,False,not_assessed_no_semantic_guess
P7,55,m,S03,before,3,2046,False,False,False,False,False,normal_end_missing_final_marker_or_explicit_choice,False,not_assessed_no_semantic_guess
P7,55,m,S03,after,3,372,False,True,False,True,False,parsed_control,False,not_assessed_no_semantic_guess
P7,55,m,S04,before,4,159,False,False,False,True,False,explicit_choice_unsupported_syntax,False,not_assessed_no_semantic_guess
P7,55,m,S04,after,4,112,False,True,False,True,False,parsed_control,False,not_assessed_no_semantic_guess
P7,55,m,S05,before,5,198,False,True,False,True,False,parsed_control,False,not_assessed_no_semantic_guess
P7,55,m,S05,after,5,205,False,True,False,True,False,parsed_control,False,not_assessed_no_semantic_guess
P7,55,m,S06,before,6,135,False,True,False,True,False,parsed_control,False,not_assessed_no_semantic_guess
P7,55,m,S06,after,6,130,False,True,False,True,False,parsed_control,False,not_assessed_no_semantic_guess
P7,55,m,S07,before,7,88,False,True,True,True,True,parsed_control,False,not_assessed_no_semantic_guess
P7,55,m,S07,after,7,218,False,False,False,False,False,explicit_choice_unsupported_syntax,False,not_assessed_no_semantic_guess
P7,55,m,S08,before,8,174,False,True,True,True,True,parsed_control,False,not_assessed_no_semantic_guess
P7,55,m,S08,after,8,166,False,True,True,True,True,parsed_control,False,not_assessed_no_semantic_guess
P7,55,m,S09,before,9,293,False,True,False,True,False,parsed_control,False,not_assessed_no_semantic_guess
P7,55,m,S09,after,9,315,False,True,True,True,True,parsed_control,False,not_assessed_no_semantic_guess
P7,55,m,S10,before,10,154,False,False,False,False,False,normal_end_missing_final_marker_or_explicit_choice,False,not_assessed_no_semantic_guess
P7,55,m,S10,after,10,145,False,False,False,False,False,normal_end_missing_final_marker_or_explicit_choice,False,not_assessed_no_semantic_guess
P7,55,m,S11,before,11,141,False,True,False,True,False,parsed_control,False,not_assessed_no_semantic_guess
P7,55,m,S11,after,11,141,False,True,False,True,False,parsed_control,False,not_assessed_no_semantic_guess
P7,55,m,S12,before,12,83,False,False,False,False,False,normal_end_missing_final_marker_or_explicit_choice,False,not_assessed_no_semantic_guess
P7,55,m,S12,after,12,86,False,False,False,False,False,normal_end_missing_final_marker_or_explicit_choice,False,not_assessed_no_semantic_guess
P7,55,m,S13,before,13,416,False,True,True,True,True,parsed_control,False,not_assessed_no_semantic_guess
P7,55,m,S13,after,13,391,False,True,False,True,False,parsed_control,False,not_assessed_no_semantic_guess
P7,55,m,S14,before,14,109,False,True,False,True,False,parsed_control,False,not_assessed_no_semantic_guess
P7,55,m,S14,after,14,109,False,True,False,True,False,parsed_control,False,not_assessed_no_semantic_guess
P7,55,m,S15,before,15,275,False,True,False,True,False,parsed_control,False,not_assessed_no_semantic_guess
P7,55,m,S15,after,15,256,False,True,False,True,False,parsed_control,False,not_assessed_no_semantic_guess
P7,55,m,S16,before,16,111,False,True,False,True,False,parsed_control,False,not_assessed_no_semantic_guess
P7,55,m,S16,after,16,111,False,True,False,True,False,parsed_control,False,not_assessed_no_semantic_guess
P7,55,m,P01,probe,0,169,False,True,False,True,False,parsed_control,False,not_assessed_no_semantic_guess
P7,55,m,P02,probe,0,81,False,True,False,True,False,parsed_control,False,not_assessed_no_semantic_guess
P7,55,m,P03,probe,0,77,False,True,False,True,False,parsed_control,False,not_assessed_no_semantic_guess
P7,55,m,P04,probe,0,116,False,True,False,True,False,parsed_control,False,not_assessed_no_semantic_guess
P7,55,m,P05,probe,0,150,False,True,False,True,False,parsed_control,False,not_assessed_no_semantic_guess
P7,55,m,P06,probe,0,169,False,True,True,True,True,parsed_control,True,not_assessed_no_semantic_guess
P7,55,m,P07,probe,0,87,False,False,False,False,False,explicit_choice_unsupported_syntax,False,not_assessed_no_semantic_guess
P7,55,m,P08,probe,0,143,False,False,False,False,False,explicit_choice_unsupported_syntax,False,not_assessed_no_semantic_guess
P7,55,m,P09,probe,0,109,False,True,True,True,True,parsed_control,True,not_assessed_no_semantic_guess
P7,55,m,P10,probe,0,108,False,True,False,True,False,parsed_control,False,not_assessed_no_semantic_guess
P7,55,m,P11,probe,0,349,False,True,True,True,True,parsed_control,True,not_assessed_no_semantic_guess
P7,55,m,P12,probe,0,186,False,True,False,True,False,parsed_control,False,not_assessed_no_semantic_guess
P7,55,m,P13,probe,0,276,False,True,False,True,False,parsed_control,False,not_assessed_no_semantic_guess
P7,55,m,P14,probe,0,83,False,True,False,True,False,parsed_control,False,not_assessed_no_semantic_guess
P7,55,m,P15,probe,0,159,False,True,False,True,False,parsed_control,False,not_assessed_no_semantic_guess
P7,55,m,P16,probe,0,255,False,False,False,False,False,normal_end_missing_final_marker_or_explicit_choice,False,not_assessed_no_semantic_guess
P7,55,m,P01,probe,16,412,False,True,False,True,False,parsed_control,False,not_assessed_no_semantic_guess
P7,55,m,P02,probe,16,143,False,False,False,False,False,normal_end_missing_final_marker_or_explicit_choice,False,not_assessed_no_semantic_guess
P7,55,m,P03,probe,16,55,False,True,False,True,False,parsed_control,False,not_assessed_no_semantic_guess
P7,55,m,P04,probe,16,130,False,True,False,True,False,parsed_control,False,not_assessed_no_semantic_guess
P7,55,m,P05,probe,16,91,False,True,False,True,False,parsed_control,False,not_assessed_no_semantic_guess
P7,55,m,P06,probe,16,287,False,True,True,True,True,parsed_control,True,not_assessed_no_semantic_guess
P7,55,m,P07,probe,16,87,False,False,False,False,False,explicit_choice_unsupported_syntax,False,not_assessed_no_semantic_guess
P7,55,m,P08,probe,16,142,False,False,False,True,False,explicit_choice_unsupported_syntax,False,not_assessed_no_semantic_guess
P7,55,m,P09,probe,16,78,False,True,True,True,True,parsed_control,True,not_assessed_no_semantic_guess
P7,55,m,P10,probe,16,108,False,True,False,True,False,parsed_control,False,not_assessed_no_semantic_guess
P7,55,m,P11,probe,16,340,False,True,True,True,True,parsed_control,True,not_assessed_no_semantic_guess
P7,55,m,P12,probe,16,218,False,True,False,True,False,parsed_control,False,not_assessed_no_semantic_guess
P7,55,m,P13,probe,16,2048,True,False,False,False,False,token_cap_without_parseable_final_choice,False,not_assessed_no_semantic_guess
P7,55,m,P14,probe,16,82,False,True,False,True,False,parsed_control,False,not_assessed_no_semantic_guess
P7,55,m,P15,probe,16,125,False,True,False,True,False,parsed_control,False,not_assessed_no_semantic_guess
P7,55,m,P16,probe,16,222,False,True,False,True,False,parsed_control,False,not_assessed_no_semantic_guess
P7,55,v,S01,before,1,85,False,True,False,True,False,parsed_control,False,not_assessed_no_semantic_guess
P7,55,v,S01,after,1,83,False,True,False,True,False,parsed_control,False,not_assessed_no_semantic_guess
P7,55,v,S02,before,2,104,False,True,False,True,False,parsed_control,False,not_assessed_no_semantic_guess
P7,55,v,S02,after,2,107,False,True,False,True,False,parsed_control,False,not_assessed_no_semantic_guess
P7,55,v,S03,before,3,1717,False,False,False,False,False,normal_end_missing_final_marker_or_explicit_choice,False,not_assessed_no_semantic_guess
P7,55,v,S03,after,3,2048,True,False,False,False,False,token_cap_without_parseable_final_choice,False,not_assessed_no_semantic_guess
P7,55,v,S04,before,4,139,False,True,False,True,False,parsed_control,False,not_assessed_no_semantic_guess
P7,55,v,S04,after,4,159,False,False,False,True,False,explicit_choice_unsupported_syntax,False,not_assessed_no_semantic_guess
P7,55,v,S05,before,5,190,False,True,False,True,False,parsed_control,False,not_assessed_no_semantic_guess
P7,55,v,S05,after,5,207,False,True,False,True,False,parsed_control,False,not_assessed_no_semantic_guess
P7,55,v,S06,before,6,130,False,True,False,True,False,parsed_control,False,not_assessed_no_semantic_guess
P7,55,v,S06,after,6,190,False,False,False,False,False,normal_end_missing_final_marker_or_explicit_choice,False,not_assessed_no_semantic_guess
P7,55,v,S07,before,7,88,False,True,True,True,True,parsed_control,False,not_assessed_no_semantic_guess
P7,55,v,S07,after,7,88,False,True,True,True,True,parsed_control,False,not_assessed_no_semantic_guess
P7,55,v,S08,before,8,166,False,True,True,True,True,parsed_control,False,not_assessed_no_semantic_guess
P7,55,v,S08,after,8,167,False,True,True,True,True,parsed_control,False,not_assessed_no_semantic_guess
P7,55,v,S09,before,9,161,False,True,True,True,True,parsed_control,False,not_assessed_no_semantic_guess
P7,55,v,S09,after,9,321,False,True,True,True,True,parsed_control,False,not_assessed_no_semantic_guess
P7,55,v,S10,before,10,145,False,False,False,False,False,normal_end_missing_final_marker_or_explicit_choice,False,not_assessed_no_semantic_guess
P7,55,v,S10,after,10,162,False,False,False,False,False,normal_end_missing_final_marker_or_explicit_choice,False,not_assessed_no_semantic_guess
P7,55,v,S11,before,11,141,False,True,False,True,False,parsed_control,False,not_assessed_no_semantic_guess
P7,55,v,S11,after,11,141,False,True,False,True,False,parsed_control,False,not_assessed_no_semantic_guess
P7,55,v,S12,before,12,79,False,False,False,False,False,normal_end_missing_final_marker_or_explicit_choice,False,not_assessed_no_semantic_guess
P7,55,v,S12,after,12,86,False,False,False,False,False,normal_end_missing_final_marker_or_explicit_choice,False,not_assessed_no_semantic_guess
P7,55,v,S13,before,13,378,False,True,False,True,False,parsed_control,False,not_assessed_no_semantic_guess
P7,55,v,S13,after,13,110,False,True,True,True,True,parsed_control,False,not_assessed_no_semantic_guess
P7,55,v,S14,before,14,109,False,True,False,True,False,parsed_control,False,not_assessed_no_semantic_guess
P7,55,v,S14,after,14,109,False,True,False,True,False,parsed_control,False,not_assessed_no_semantic_guess
P7,55,v,S15,before,15,269,False,True,False,True,False,parsed_control,False,not_assessed_no_semantic_guess
P7,55,v,S15,after,15,222,False,True,False,True,False,parsed_control,False,not_assessed_no_semantic_guess
P7,55,v,S16,before,16,97,False,True,False,True,False,parsed_control,False,not_assessed_no_semantic_guess
P7,55,v,S16,after,16,111,False,True,False,True,False,parsed_control,False,not_assessed_no_semantic_guess
P7,55,v,P01,probe,0,169,False,True,False,True,False,parsed_control,False,not_assessed_no_semantic_guess
P7,55,v,P02,probe,0,81,False,True,False,True,False,parsed_control,False,not_assessed_no_semantic_guess
P7,55,v,P03,probe,0,77,False,True,False,True,False,parsed_control,False,not_assessed_no_semantic_guess
P7,55,v,P04,probe,0,116,False,True,False,True,False,parsed_control,False,not_assessed_no_semantic_guess
P7,55,v,P05,probe,0,150,False,True,False,True,False,parsed_control,False,not_assessed_no_semantic_guess
P7,55,v,P06,probe,0,169,False,True,True,True,True,parsed_control,True,not_assessed_no_semantic_guess
P7,55,v,P07,probe,0,87,False,False,False,False,False,explicit_choice_unsupported_syntax,False,not_assessed_no_semantic_guess
P7,55,v,P08,probe,0,143,False,False,False,False,False,explicit_choice_unsupported_syntax,False,not_assessed_no_semantic_guess
P7,55,v,P09,probe,0,109,False,True,True,True,True,parsed_control,True,not_assessed_no_semantic_guess
P7,55,v,P10,probe,0,108,False,True,False,True,False,parsed_control,False,not_assessed_no_semantic_guess
P7,55,v,P11,probe,0,349,False,True,True,True,True,parsed_control,True,not_assessed_no_semantic_guess
P7,55,v,P12,probe,0,186,False,True,False,True,False,parsed_control,False,not_assessed_no_semantic_guess
P7,55,v,P13,probe,0,276,False,True,False,True,False,parsed_control,False,not_assessed_no_semantic_guess
P7,55,v,P14,probe,0,83,False,True,False,True,False,parsed_control,False,not_assessed_no_semantic_guess
P7,55,v,P15,probe,0,159,False,True,False,True,False,parsed_control,False,not_assessed_no_semantic_guess
P7,55,v,P16,probe,0,255,False,False,False,False,False,normal_end_missing_final_marker_or_explicit_choice,False,not_assessed_no_semantic_guess
P7,55,v,P01,probe,16,109,False,True,False,True,False,parsed_control,False,not_assessed_no_semantic_guess
P7,55,v,P02,probe,16,96,False,False,False,False,False,normal_end_missing_final_marker_or_explicit_choice,False,not_assessed_no_semantic_guess
P7,55,v,P03,probe,16,69,False,True,False,True,False,parsed_control,False,not_assessed_no_semantic_guess
P7,55,v,P04,probe,16,116,False,True,False,True,False,parsed_control,False,not_assessed_no_semantic_guess
P7,55,v,P05,probe,16,109,False,True,True,True,True,parsed_control,False,not_assessed_no_semantic_guess
P7,55,v,P06,probe,16,191,False,True,True,True,True,parsed_control,True,not_assessed_no_semantic_guess
P7,55,v,P07,probe,16,86,False,False,False,False,False,normal_end_missing_final_marker_or_explicit_choice,False,not_assessed_no_semantic_guess
P7,55,v,P08,probe,16,136,False,False,False,True,False,explicit_choice_unsupported_syntax,False,not_assessed_no_semantic_guess
P7,55,v,P09,probe,16,2048,True,False,False,False,False,token_cap_without_parseable_final_choice,True,not_assessed_no_semantic_guess
P7,55,v,P10,probe,16,108,False,True,False,True,False,parsed_control,False,not_assessed_no_semantic_guess
P7,55,v,P11,probe,16,283,False,True,True,True,True,parsed_control,True,not_assessed_no_semantic_guess
P7,55,v,P12,probe,16,176,False,True,False,True,False,parsed_control,False,not_assessed_no_semantic_guess
P7,55,v,P13,probe,16,220,False,True,False,True,False,parsed_control,False,not_assessed_no_semantic_guess
P7,55,v,P14,probe,16,83,False,True,False,True,False,parsed_control,False,not_assessed_no_semantic_guess
P7,55,v,P15,probe,16,161,False,True,False,True,False,parsed_control,False,not_assessed_no_semantic_guess
P7,55,v,P16,probe,16,2048,True,False,False,False,False,token_cap_without_parseable_final_choice,False,not_assessed_no_semantic_guess
P7,56,m,S01,before,1,85,False,True,False,True,False,parsed_control,False,not_assessed_no_semantic_guess
P7,56,m,S01,after,1,85,False,True,False,True,False,parsed_control,False,not_assessed_no_semantic_guess
P7,56,m,S02,before,2,69,False,True,True,True,True,parsed_control,False,not_assessed_no_semantic_guess
P7,56,m,S02,after,2,77,False,True,True,True,True,parsed_control,False,not_assessed_no_semantic_guess
P7,56,m,S03,before,3,2046,False,False,False,False,False,normal_end_missing_final_marker_or_explicit_choice,False,not_assessed_no_semantic_guess
P7,56,m,S03,after,3,2046,False,False,False,False,False,normal_end_missing_final_marker_or_explicit_choice,False,not_assessed_no_semantic_guess
P7,56,m,S04,before,4,101,False,True,False,True,False,parsed_control,False,not_assessed_no_semantic_guess
P7,56,m,S04,after,4,159,False,False,False,True,False,explicit_choice_unsupported_syntax,False,not_assessed_no_semantic_guess
P7,56,m,S05,before,5,203,False,True,False,True,False,parsed_control,False,not_assessed_no_semantic_guess
P7,56,m,S05,after,5,135,False,True,False,True,False,parsed_control,False,not_assessed_no_semantic_guess
P7,56,m,S06,before,6,130,False,True,False,True,False,parsed_control,False,not_assessed_no_semantic_guess
P7,56,m,S06,after,6,130,False,True,False,True,False,parsed_control,False,not_assessed_no_semantic_guess
P7,56,m,S07,before,7,96,False,True,True,True,True,parsed_control,False,not_assessed_no_semantic_guess
P7,56,m,S07,after,7,92,False,True,True,True,True,parsed_control,False,not_assessed_no_semantic_guess
P7,56,m,S08,before,8,193,False,True,True,True,True,parsed_control,False,not_assessed_no_semantic_guess
P7,56,m,S08,after,8,211,False,True,False,True,False,parsed_control,False,not_assessed_no_semantic_guess
P7,56,m,S09,before,9,318,False,True,True,True,True,parsed_control,False,not_assessed_no_semantic_guess
P7,56,m,S09,after,9,308,False,True,True,True,True,parsed_control,False,not_assessed_no_semantic_guess
P7,56,m,S10,before,10,123,False,False,False,False,False,normal_end_missing_final_marker_or_explicit_choice,False,not_assessed_no_semantic_guess
P7,56,m,S10,after,10,129,False,False,False,False,False,normal_end_missing_final_marker_or_explicit_choice,False,not_assessed_no_semantic_guess
P7,56,m,S11,before,11,126,False,True,False,True,False,parsed_control,False,not_assessed_no_semantic_guess
P7,56,m,S11,after,11,131,False,True,False,True,False,parsed_control,False,not_assessed_no_semantic_guess
P7,56,m,S12,before,12,89,False,True,True,True,True,parsed_control,False,not_assessed_no_semantic_guess
P7,56,m,S12,after,12,94,False,True,True,True,True,parsed_control,False,not_assessed_no_semantic_guess
P7,56,m,S13,before,13,375,False,True,False,True,False,parsed_control,False,not_assessed_no_semantic_guess
P7,56,m,S13,after,13,381,False,True,False,True,False,parsed_control,False,not_assessed_no_semantic_guess
P7,56,m,S14,before,14,97,False,True,False,True,False,parsed_control,False,not_assessed_no_semantic_guess
P7,56,m,S14,after,14,112,False,True,False,True,False,parsed_control,False,not_assessed_no_semantic_guess
P7,56,m,S15,before,15,166,False,True,False,True,False,parsed_control,False,not_assessed_no_semantic_guess
P7,56,m,S15,after,15,183,False,True,False,True,False,parsed_control,False,not_assessed_no_semantic_guess
P7,56,m,S16,before,16,98,False,True,False,True,False,parsed_control,False,not_assessed_no_semantic_guess
P7,56,m,S16,after,16,97,False,True,False,True,False,parsed_control,False,not_assessed_no_semantic_guess
P7,56,m,P01,probe,0,169,False,True,False,True,False,parsed_control,False,not_assessed_no_semantic_guess
P7,56,m,P02,probe,0,81,False,True,False,True,False,parsed_control,False,not_assessed_no_semantic_guess
P7,56,m,P03,probe,0,77,False,True,False,True,False,parsed_control,False,not_assessed_no_semantic_guess
P7,56,m,P04,probe,0,116,False,True,False,True,False,parsed_control,False,not_assessed_no_semantic_guess
P7,56,m,P05,probe,0,150,False,True,False,True,False,parsed_control,False,not_assessed_no_semantic_guess
P7,56,m,P06,probe,0,169,False,True,True,True,True,parsed_control,True,not_assessed_no_semantic_guess
P7,56,m,P07,probe,0,87,False,False,False,False,False,explicit_choice_unsupported_syntax,False,not_assessed_no_semantic_guess
P7,56,m,P08,probe,0,143,False,False,False,False,False,explicit_choice_unsupported_syntax,False,not_assessed_no_semantic_guess
P7,56,m,P09,probe,0,109,False,True,True,True,True,parsed_control,True,not_assessed_no_semantic_guess
P7,56,m,P10,probe,0,108,False,True,False,True,False,parsed_control,False,not_assessed_no_semantic_guess
P7,56,m,P11,probe,0,349,False,True,True,True,True,parsed_control,True,not_assessed_no_semantic_guess
P7,56,m,P12,probe,0,186,False,True,False,True,False,parsed_control,False,not_assessed_no_semantic_guess
P7,56,m,P13,probe,0,276,False,True,False,True,False,parsed_control,False,not_assessed_no_semantic_guess
P7,56,m,P14,probe,0,83,False,True,False,True,False,parsed_control,False,not_assessed_no_semantic_guess
P7,56,m,P15,probe,0,159,False,True,False,True,False,parsed_control,False,not_assessed_no_semantic_guess
P7,56,m,P16,probe,0,255,False,False,False,False,False,normal_end_missing_final_marker_or_explicit_choice,False,not_assessed_no_semantic_guess
P7,56,m,P01,probe,16,504,False,True,False,True,False,parsed_control,False,not_assessed_no_semantic_guess
P7,56,m,P02,probe,16,202,False,True,True,True,True,parsed_control,False,not_assessed_no_semantic_guess
P7,56,m,P03,probe,16,71,False,True,False,True,False,parsed_control,False,not_assessed_no_semantic_guess
P7,56,m,P04,probe,16,130,False,True,False,True,False,parsed_control,False,not_assessed_no_semantic_guess
P7,56,m,P05,probe,16,280,False,True,True,True,True,parsed_control,False,not_assessed_no_semantic_guess
P7,56,m,P06,probe,16,188,False,True,True,True,True,parsed_control,True,not_assessed_no_semantic_guess
P7,56,m,P07,probe,16,60,False,False,False,False,False,explicit_choice_unsupported_syntax,False,not_assessed_no_semantic_guess
P7,56,m,P08,probe,16,248,False,True,False,True,False,parsed_control,False,not_assessed_no_semantic_guess
P7,56,m,P09,probe,16,88,False,True,True,True,True,parsed_control,True,not_assessed_no_semantic_guess
P7,56,m,P10,probe,16,96,False,True,False,True,False,parsed_control,False,not_assessed_no_semantic_guess
P7,56,m,P11,probe,16,320,False,True,True,True,True,parsed_control,True,not_assessed_no_semantic_guess
P7,56,m,P12,probe,16,204,False,True,False,True,False,parsed_control,False,not_assessed_no_semantic_guess
P7,56,m,P13,probe,16,201,False,True,False,True,False,parsed_control,False,not_assessed_no_semantic_guess
P7,56,m,P14,probe,16,70,False,True,False,True,False,parsed_control,False,not_assessed_no_semantic_guess
P7,56,m,P15,probe,16,102,False,True,False,True,False,parsed_control,False,not_assessed_no_semantic_guess
P7,56,m,P16,probe,16,292,False,True,False,True,False,parsed_control,False,not_assessed_no_semantic_guess
P7,56,v,S01,before,1,85,False,True,False,True,False,parsed_control,False,not_assessed_no_semantic_guess
P7,56,v,S01,after,1,83,False,True,False,True,False,parsed_control,False,not_assessed_no_semantic_guess
P7,56,v,S02,before,2,65,False,True,True,True,True,parsed_control,False,not_assessed_no_semantic_guess
P7,56,v,S02,after,2,67,False,True,True,True,True,parsed_control,False,not_assessed_no_semantic_guess
P7,56,v,S03,before,3,2048,True,False,False,False,False,token_cap_without_parseable_final_choice,False,not_assessed_no_semantic_guess
P7,56,v,S03,after,3,2048,True,False,False,False,False,token_cap_without_parseable_final_choice,False,not_assessed_no_semantic_guess
P7,56,v,S04,before,4,109,False,True,False,True,False,parsed_control,False,not_assessed_no_semantic_guess
P7,56,v,S04,after,4,159,False,False,False,True,False,explicit_choice_unsupported_syntax,False,not_assessed_no_semantic_guess
P7,56,v,S05,before,5,85,False,False,False,False,False,normal_end_missing_final_marker_or_explicit_choice,False,not_assessed_no_semantic_guess
P7,56,v,S05,after,5,198,False,True,False,True,False,parsed_control,False,not_assessed_no_semantic_guess
P7,56,v,S06,before,6,136,False,True,False,True,False,parsed_control,False,not_assessed_no_semantic_guess
P7,56,v,S06,after,6,130,False,True,False,True,False,parsed_control,False,not_assessed_no_semantic_guess
P7,56,v,S07,before,7,88,False,True,True,True,True,parsed_control,False,not_assessed_no_semantic_guess
P7,56,v,S07,after,7,88,False,True,True,True,True,parsed_control,False,not_assessed_no_semantic_guess
P7,56,v,S08,before,8,163,False,True,True,True,True,parsed_control,False,not_assessed_no_semantic_guess
P7,56,v,S08,after,8,168,False,True,True,True,True,parsed_control,False,not_assessed_no_semantic_guess
P7,56,v,S09,before,9,308,False,True,True,True,True,parsed_control,False,not_assessed_no_semantic_guess
P7,56,v,S09,after,9,315,False,True,True,True,True,parsed_control,False,not_assessed_no_semantic_guess
P7,56,v,S10,before,10,263,False,True,False,True,False,parsed_control,False,not_assessed_no_semantic_guess
P7,56,v,S10,after,10,108,False,True,False,True,False,parsed_control,False,not_assessed_no_semantic_guess
P7,56,v,S11,before,11,141,False,True,False,True,False,parsed_control,False,not_assessed_no_semantic_guess
P7,56,v,S11,after,11,143,False,True,False,True,False,parsed_control,False,not_assessed_no_semantic_guess
P7,56,v,S12,before,12,165,False,True,False,True,False,parsed_control,False,not_assessed_no_semantic_guess
P7,56,v,S12,after,12,165,False,True,False,True,False,parsed_control,False,not_assessed_no_semantic_guess
P7,56,v,S13,before,13,110,False,True,True,True,True,parsed_control,False,not_assessed_no_semantic_guess
P7,56,v,S13,after,13,110,False,True,True,True,True,parsed_control,False,not_assessed_no_semantic_guess
P7,56,v,S14,before,14,109,False,True,False,True,False,parsed_control,False,not_assessed_no_semantic_guess
P7,56,v,S14,after,14,109,False,True,False,True,False,parsed_control,False,not_assessed_no_semantic_guess
P7,56,v,S15,before,15,285,False,True,False,True,False,parsed_control,False,not_assessed_no_semantic_guess
P7,56,v,S15,after,15,269,False,True,False,True,False,parsed_control,False,not_assessed_no_semantic_guess
P7,56,v,S16,before,16,98,False,True,False,True,False,parsed_control,False,not_assessed_no_semantic_guess
P7,56,v,S16,after,16,98,False,True,False,True,False,parsed_control,False,not_assessed_no_semantic_guess
P7,56,v,P01,probe,0,169,False,True,False,True,False,parsed_control,False,not_assessed_no_semantic_guess
P7,56,v,P02,probe,0,81,False,True,False,True,False,parsed_control,False,not_assessed_no_semantic_guess
P7,56,v,P03,probe,0,77,False,True,False,True,False,parsed_control,False,not_assessed_no_semantic_guess
P7,56,v,P04,probe,0,116,False,True,False,True,False,parsed_control,False,not_assessed_no_semantic_guess
P7,56,v,P05,probe,0,150,False,True,False,True,False,parsed_control,False,not_assessed_no_semantic_guess
P7,56,v,P06,probe,0,169,False,True,True,True,True,parsed_control,True,not_assessed_no_semantic_guess
P7,56,v,P07,probe,0,87,False,False,False,False,False,explicit_choice_unsupported_syntax,False,not_assessed_no_semantic_guess
P7,56,v,P08,probe,0,143,False,False,False,False,False,explicit_choice_unsupported_syntax,False,not_assessed_no_semantic_guess
P7,56,v,P09,probe,0,109,False,True,True,True,True,parsed_control,True,not_assessed_no_semantic_guess
P7,56,v,P10,probe,0,108,False,True,False,True,False,parsed_control,False,not_assessed_no_semantic_guess
P7,56,v,P11,probe,0,349,False,True,True,True,True,parsed_control,True,not_assessed_no_semantic_guess
P7,56,v,P12,probe,0,186,False,True,False,True,False,parsed_control,False,not_assessed_no_semantic_guess
P7,56,v,P13,probe,0,276,False,True,False,True,False,parsed_control,False,not_assessed_no_semantic_guess
P7,56,v,P14,probe,0,83,False,True,False,True,False,parsed_control,False,not_assessed_no_semantic_guess
P7,56,v,P15,probe,0,159,False,True,False,True,False,parsed_control,False,not_assessed_no_semantic_guess
P7,56,v,P16,probe,0,255,False,False,False,False,False,normal_end_missing_final_marker_or_explicit_choice,False,not_assessed_no_semantic_guess
P7,56,v,P01,probe,16,172,False,True,False,True,False,parsed_control,False,not_assessed_no_semantic_guess
P7,56,v,P02,probe,16,97,False,True,False,True,False,parsed_control,False,not_assessed_no_semantic_guess
P7,56,v,P03,probe,16,72,False,True,False,True,False,parsed_control,False,not_assessed_no_semantic_guess
P7,56,v,P04,probe,16,116,False,True,False,True,False,parsed_control,False,not_assessed_no_semantic_guess
P7,56,v,P05,probe,16,95,False,True,False,True,False,parsed_control,False,not_assessed_no_semantic_guess
P7,56,v,P06,probe,16,169,False,True,True,True,True,parsed_control,True,not_assessed_no_semantic_guess
P7,56,v,P07,probe,16,144,False,False,False,False,False,explicit_choice_unsupported_syntax,False,not_assessed_no_semantic_guess
P7,56,v,P08,probe,16,135,False,False,False,True,False,explicit_choice_unsupported_syntax,False,not_assessed_no_semantic_guess
P7,56,v,P09,probe,16,103,False,True,True,True,True,parsed_control,True,not_assessed_no_semantic_guess
P7,56,v,P10,probe,16,108,False,True,False,True,False,parsed_control,False,not_assessed_no_semantic_guess
P7,56,v,P11,probe,16,283,False,True,True,True,True,parsed_control,True,not_assessed_no_semantic_guess
P7,56,v,P12,probe,16,187,False,True,False,True,False,parsed_control,False,not_assessed_no_semantic_guess
P7,56,v,P13,probe,16,178,False,False,False,True,False,explicit_choice_unsupported_syntax,False,not_assessed_no_semantic_guess
P7,56,v,P14,probe,16,159,False,True,False,True,False,parsed_control,False,not_assessed_no_semantic_guess
P7,56,v,P15,probe,16,153,False,True,False,True,False,parsed_control,False,not_assessed_no_semantic_guess
P7,56,v,P16,probe,16,430,False,True,False,True,False,parsed_control,False,not_assessed_no_semantic_guess
